

============================== 2022-08-16 14:04:11.048783 | 15cc1774-2ce7-48f0-bd7e-4493195a3a03 ==============================
[0m14:04:11.048796 [info ] [MainThread]: Running with dbt=1.2.0
[0m14:04:11.049213 [debug] [MainThread]: running dbt with arguments {'write_json': True, 'use_colors': True, 'printer_width': 80, 'version_check': True, 'partial_parse': True, 'static_parser': True, 'profiles_dir': '/Users/nvora/.dbt', 'send_anonymous_usage_stats': True, 'event_buffer_size': 100000, 'quiet': False, 'no_print': False, 'config_dir': False, 'which': 'debug', 'indirect_selection': 'eager'}
[0m14:04:11.049365 [debug] [MainThread]: Tracking: tracking
[0m14:04:11.060651 [debug] [MainThread]: Sending event: {'category': 'dbt', 'action': 'invocation', 'label': 'start', 'context': [<snowplow_tracker.self_describing_json.SelfDescribingJson object at 0x10773bf10>, <snowplow_tracker.self_describing_json.SelfDescribingJson object at 0x10773bcd0>, <snowplow_tracker.self_describing_json.SelfDescribingJson object at 0x10773bdc0>]}
[0m14:04:11.293649 [debug] [MainThread]: Executing "git --help"
[0m14:04:11.304741 [debug] [MainThread]: STDOUT: "b"usage: git [-v | --version] [-h | --help] [-C <path>] [-c <name>=<value>]\n           [--exec-path[=<path>]] [--html-path] [--man-path] [--info-path]\n           [-p | --paginate | -P | --no-pager] [--no-replace-objects] [--bare]\n           [--git-dir=<path>] [--work-tree=<path>] [--namespace=<name>]\n           [--super-prefix=<path>] [--config-env=<name>=<envvar>]\n           <command> [<args>]\n\nThese are common Git commands used in various situations:\n\nstart a working area (see also: git help tutorial)\n   clone     Clone a repository into a new directory\n   init      Create an empty Git repository or reinitialize an existing one\n\nwork on the current change (see also: git help everyday)\n   add       Add file contents to the index\n   mv        Move or rename a file, a directory, or a symlink\n   restore   Restore working tree files\n   rm        Remove files from the working tree and from the index\n\nexamine the history and state (see also: git help revisions)\n   bisect    Use binary search to find the commit that introduced a bug\n   diff      Show changes between commits, commit and working tree, etc\n   grep      Print lines matching a pattern\n   log       Show commit logs\n   show      Show various types of objects\n   status    Show the working tree status\n\ngrow, mark and tweak your common history\n   branch    List, create, or delete branches\n   commit    Record changes to the repository\n   merge     Join two or more development histories together\n   rebase    Reapply commits on top of another base tip\n   reset     Reset current HEAD to the specified state\n   switch    Switch branches\n   tag       Create, list, delete or verify a tag object signed with GPG\n\ncollaborate (see also: git help workflows)\n   fetch     Download objects and refs from another repository\n   pull      Fetch from and integrate with another repository or a local branch\n   push      Update remote refs along with associated objects\n\n'git help -a' and 'git help -g' list available subcommands and some\nconcept guides. See 'git help <command>' or 'git help <concept>'\nto read about a specific subcommand or concept.\nSee 'git help git' for an overview of the system.\n""
[0m14:04:11.305500 [debug] [MainThread]: STDERR: "b''"
[0m14:04:11.314654 [debug] [MainThread]: Acquiring new bigquery connection "debug"
[0m14:04:11.315926 [debug] [MainThread]: Opening a new connection, currently in state init
[0m14:04:17.329704 [debug] [MainThread]: BigQuery adapter: Got an error when attempting to create a bigquery client: 'Runtime Error
  
  dbt encountered an error while trying to read your profiles.yml file.
  
  Could not automatically determine credentials. Please set GOOGLE_APPLICATION_CREDENTIALS or explicitly create credentials and re-run the application. For more information, please see https://cloud.google.com/docs/authentication/getting-started
  '
[0m14:04:17.331203 [debug] [MainThread]: Sending event: {'category': 'dbt', 'action': 'invocation', 'label': 'end', 'context': [<snowplow_tracker.self_describing_json.SelfDescribingJson object at 0x10931cf40>, <snowplow_tracker.self_describing_json.SelfDescribingJson object at 0x109338a60>, <snowplow_tracker.self_describing_json.SelfDescribingJson object at 0x1093387c0>]}
[0m14:04:17.472066 [debug] [MainThread]: Connection 'debug' was properly closed.


============================== 2022-08-16 14:05:30.383985 | a6853802-a0f3-4783-bdec-bfc02e6c87ec ==============================
[0m14:05:30.383999 [info ] [MainThread]: Running with dbt=1.2.0
[0m14:05:30.384505 [debug] [MainThread]: running dbt with arguments {'write_json': True, 'use_colors': True, 'printer_width': 80, 'version_check': True, 'partial_parse': True, 'static_parser': True, 'profiles_dir': '/Users/nvora/.dbt', 'send_anonymous_usage_stats': True, 'event_buffer_size': 100000, 'quiet': False, 'no_print': False, 'config_dir': False, 'which': 'debug', 'indirect_selection': 'eager'}
[0m14:05:30.384646 [debug] [MainThread]: Tracking: tracking
[0m14:05:30.395328 [debug] [MainThread]: Sending event: {'category': 'dbt', 'action': 'invocation', 'label': 'start', 'context': [<snowplow_tracker.self_describing_json.SelfDescribingJson object at 0x112419f40>, <snowplow_tracker.self_describing_json.SelfDescribingJson object at 0x112419d00>, <snowplow_tracker.self_describing_json.SelfDescribingJson object at 0x112419df0>]}
[0m14:05:30.624448 [debug] [MainThread]: Executing "git --help"
[0m14:05:30.636726 [debug] [MainThread]: STDOUT: "b"usage: git [-v | --version] [-h | --help] [-C <path>] [-c <name>=<value>]\n           [--exec-path[=<path>]] [--html-path] [--man-path] [--info-path]\n           [-p | --paginate | -P | --no-pager] [--no-replace-objects] [--bare]\n           [--git-dir=<path>] [--work-tree=<path>] [--namespace=<name>]\n           [--super-prefix=<path>] [--config-env=<name>=<envvar>]\n           <command> [<args>]\n\nThese are common Git commands used in various situations:\n\nstart a working area (see also: git help tutorial)\n   clone     Clone a repository into a new directory\n   init      Create an empty Git repository or reinitialize an existing one\n\nwork on the current change (see also: git help everyday)\n   add       Add file contents to the index\n   mv        Move or rename a file, a directory, or a symlink\n   restore   Restore working tree files\n   rm        Remove files from the working tree and from the index\n\nexamine the history and state (see also: git help revisions)\n   bisect    Use binary search to find the commit that introduced a bug\n   diff      Show changes between commits, commit and working tree, etc\n   grep      Print lines matching a pattern\n   log       Show commit logs\n   show      Show various types of objects\n   status    Show the working tree status\n\ngrow, mark and tweak your common history\n   branch    List, create, or delete branches\n   commit    Record changes to the repository\n   merge     Join two or more development histories together\n   rebase    Reapply commits on top of another base tip\n   reset     Reset current HEAD to the specified state\n   switch    Switch branches\n   tag       Create, list, delete or verify a tag object signed with GPG\n\ncollaborate (see also: git help workflows)\n   fetch     Download objects and refs from another repository\n   pull      Fetch from and integrate with another repository or a local branch\n   push      Update remote refs along with associated objects\n\n'git help -a' and 'git help -g' list available subcommands and some\nconcept guides. See 'git help <command>' or 'git help <concept>'\nto read about a specific subcommand or concept.\nSee 'git help git' for an overview of the system.\n""
[0m14:05:30.637459 [debug] [MainThread]: STDERR: "b''"
[0m14:05:30.646455 [debug] [MainThread]: Acquiring new bigquery connection "debug"
[0m14:05:30.647437 [debug] [MainThread]: Opening a new connection, currently in state init
[0m14:05:36.663950 [debug] [MainThread]: BigQuery adapter: Got an error when attempting to create a bigquery client: 'Runtime Error
  
  dbt encountered an error while trying to read your profiles.yml file.
  
  Could not automatically determine credentials. Please set GOOGLE_APPLICATION_CREDENTIALS or explicitly create credentials and re-run the application. For more information, please see https://cloud.google.com/docs/authentication/getting-started
  '
[0m14:05:36.666054 [debug] [MainThread]: Sending event: {'category': 'dbt', 'action': 'invocation', 'label': 'end', 'context': [<snowplow_tracker.self_describing_json.SelfDescribingJson object at 0x114097f40>, <snowplow_tracker.self_describing_json.SelfDescribingJson object at 0x113ff51c0>, <snowplow_tracker.self_describing_json.SelfDescribingJson object at 0x113ff5550>]}
[0m14:05:36.823135 [debug] [MainThread]: Connection 'debug' was properly closed.


============================== 2022-08-16 14:06:37.756869 | ae57209a-e89b-4f82-9766-a139c7a595d4 ==============================
[0m14:06:37.756881 [info ] [MainThread]: Running with dbt=1.2.0
[0m14:06:37.757249 [debug] [MainThread]: running dbt with arguments {'write_json': True, 'use_colors': True, 'printer_width': 80, 'version_check': True, 'partial_parse': True, 'static_parser': True, 'profiles_dir': '/Users/nvora/.dbt', 'send_anonymous_usage_stats': True, 'event_buffer_size': 100000, 'quiet': False, 'no_print': False, 'config_dir': False, 'which': 'debug', 'indirect_selection': 'eager'}
[0m14:06:37.757367 [debug] [MainThread]: Tracking: tracking
[0m14:06:37.768659 [debug] [MainThread]: Sending event: {'category': 'dbt', 'action': 'invocation', 'label': 'start', 'context': [<snowplow_tracker.self_describing_json.SelfDescribingJson object at 0x103a83f40>, <snowplow_tracker.self_describing_json.SelfDescribingJson object at 0x103a83d00>, <snowplow_tracker.self_describing_json.SelfDescribingJson object at 0x103a83df0>]}
[0m14:06:37.995442 [debug] [MainThread]: Executing "git --help"
[0m14:06:38.009900 [debug] [MainThread]: STDOUT: "b"usage: git [-v | --version] [-h | --help] [-C <path>] [-c <name>=<value>]\n           [--exec-path[=<path>]] [--html-path] [--man-path] [--info-path]\n           [-p | --paginate | -P | --no-pager] [--no-replace-objects] [--bare]\n           [--git-dir=<path>] [--work-tree=<path>] [--namespace=<name>]\n           [--super-prefix=<path>] [--config-env=<name>=<envvar>]\n           <command> [<args>]\n\nThese are common Git commands used in various situations:\n\nstart a working area (see also: git help tutorial)\n   clone     Clone a repository into a new directory\n   init      Create an empty Git repository or reinitialize an existing one\n\nwork on the current change (see also: git help everyday)\n   add       Add file contents to the index\n   mv        Move or rename a file, a directory, or a symlink\n   restore   Restore working tree files\n   rm        Remove files from the working tree and from the index\n\nexamine the history and state (see also: git help revisions)\n   bisect    Use binary search to find the commit that introduced a bug\n   diff      Show changes between commits, commit and working tree, etc\n   grep      Print lines matching a pattern\n   log       Show commit logs\n   show      Show various types of objects\n   status    Show the working tree status\n\ngrow, mark and tweak your common history\n   branch    List, create, or delete branches\n   commit    Record changes to the repository\n   merge     Join two or more development histories together\n   rebase    Reapply commits on top of another base tip\n   reset     Reset current HEAD to the specified state\n   switch    Switch branches\n   tag       Create, list, delete or verify a tag object signed with GPG\n\ncollaborate (see also: git help workflows)\n   fetch     Download objects and refs from another repository\n   pull      Fetch from and integrate with another repository or a local branch\n   push      Update remote refs along with associated objects\n\n'git help -a' and 'git help -g' list available subcommands and some\nconcept guides. See 'git help <command>' or 'git help <concept>'\nto read about a specific subcommand or concept.\nSee 'git help git' for an overview of the system.\n""
[0m14:06:38.010882 [debug] [MainThread]: STDERR: "b''"
[0m14:06:38.017594 [debug] [MainThread]: Acquiring new bigquery connection "debug"
[0m14:06:38.019213 [debug] [MainThread]: Opening a new connection, currently in state init
[0m14:06:44.034826 [debug] [MainThread]: BigQuery adapter: Got an error when attempting to create a bigquery client: 'Runtime Error
  
  dbt encountered an error while trying to read your profiles.yml file.
  
  Could not automatically determine credentials. Please set GOOGLE_APPLICATION_CREDENTIALS or explicitly create credentials and re-run the application. For more information, please see https://cloud.google.com/docs/authentication/getting-started
  '
[0m14:06:44.036994 [debug] [MainThread]: Sending event: {'category': 'dbt', 'action': 'invocation', 'label': 'end', 'context': [<snowplow_tracker.self_describing_json.SelfDescribingJson object at 0x105702f10>, <snowplow_tracker.self_describing_json.SelfDescribingJson object at 0x1056a1400>, <snowplow_tracker.self_describing_json.SelfDescribingJson object at 0x1056a14f0>]}
[0m14:06:44.177577 [debug] [MainThread]: Connection 'debug' was properly closed.


============================== 2022-08-16 14:08:39.828038 | 6b491e9f-4c6c-4906-af2d-109414e01a25 ==============================
[0m14:08:39.828049 [info ] [MainThread]: Running with dbt=1.2.0
[0m14:08:39.828400 [debug] [MainThread]: running dbt with arguments {'write_json': True, 'use_colors': True, 'printer_width': 80, 'version_check': True, 'partial_parse': True, 'static_parser': True, 'profiles_dir': '/Users/nvora/.dbt', 'send_anonymous_usage_stats': True, 'event_buffer_size': 100000, 'quiet': False, 'no_print': False, 'config_dir': False, 'which': 'debug', 'indirect_selection': 'eager'}
[0m14:08:39.828520 [debug] [MainThread]: Tracking: tracking
[0m14:08:39.839010 [debug] [MainThread]: Sending event: {'category': 'dbt', 'action': 'invocation', 'label': 'start', 'context': [<snowplow_tracker.self_describing_json.SelfDescribingJson object at 0x10c59bf10>, <snowplow_tracker.self_describing_json.SelfDescribingJson object at 0x10c59bcd0>, <snowplow_tracker.self_describing_json.SelfDescribingJson object at 0x10c59bdc0>]}
[0m14:08:40.068749 [debug] [MainThread]: Executing "git --help"
[0m14:08:40.081149 [debug] [MainThread]: STDOUT: "b"usage: git [-v | --version] [-h | --help] [-C <path>] [-c <name>=<value>]\n           [--exec-path[=<path>]] [--html-path] [--man-path] [--info-path]\n           [-p | --paginate | -P | --no-pager] [--no-replace-objects] [--bare]\n           [--git-dir=<path>] [--work-tree=<path>] [--namespace=<name>]\n           [--super-prefix=<path>] [--config-env=<name>=<envvar>]\n           <command> [<args>]\n\nThese are common Git commands used in various situations:\n\nstart a working area (see also: git help tutorial)\n   clone     Clone a repository into a new directory\n   init      Create an empty Git repository or reinitialize an existing one\n\nwork on the current change (see also: git help everyday)\n   add       Add file contents to the index\n   mv        Move or rename a file, a directory, or a symlink\n   restore   Restore working tree files\n   rm        Remove files from the working tree and from the index\n\nexamine the history and state (see also: git help revisions)\n   bisect    Use binary search to find the commit that introduced a bug\n   diff      Show changes between commits, commit and working tree, etc\n   grep      Print lines matching a pattern\n   log       Show commit logs\n   show      Show various types of objects\n   status    Show the working tree status\n\ngrow, mark and tweak your common history\n   branch    List, create, or delete branches\n   commit    Record changes to the repository\n   merge     Join two or more development histories together\n   rebase    Reapply commits on top of another base tip\n   reset     Reset current HEAD to the specified state\n   switch    Switch branches\n   tag       Create, list, delete or verify a tag object signed with GPG\n\ncollaborate (see also: git help workflows)\n   fetch     Download objects and refs from another repository\n   pull      Fetch from and integrate with another repository or a local branch\n   push      Update remote refs along with associated objects\n\n'git help -a' and 'git help -g' list available subcommands and some\nconcept guides. See 'git help <command>' or 'git help <concept>'\nto read about a specific subcommand or concept.\nSee 'git help git' for an overview of the system.\n""
[0m14:08:40.081874 [debug] [MainThread]: STDERR: "b''"
[0m14:08:40.089434 [debug] [MainThread]: Acquiring new bigquery connection "debug"
[0m14:08:40.090790 [debug] [MainThread]: Opening a new connection, currently in state init
[0m14:08:46.104338 [debug] [MainThread]: BigQuery adapter: Got an error when attempting to create a bigquery client: 'Runtime Error
  
  dbt encountered an error while trying to read your profiles.yml file.
  
  Could not automatically determine credentials. Please set GOOGLE_APPLICATION_CREDENTIALS or explicitly create credentials and re-run the application. For more information, please see https://cloud.google.com/docs/authentication/getting-started
  '
[0m14:08:46.106161 [debug] [MainThread]: Sending event: {'category': 'dbt', 'action': 'invocation', 'label': 'end', 'context': [<snowplow_tracker.self_describing_json.SelfDescribingJson object at 0x10e217880>, <snowplow_tracker.self_describing_json.SelfDescribingJson object at 0x10e17a1f0>, <snowplow_tracker.self_describing_json.SelfDescribingJson object at 0x10e17a220>]}
[0m14:08:46.270457 [debug] [MainThread]: Connection 'debug' was properly closed.


============================== 2022-08-16 14:09:46.845443 | 465b42c3-2d5a-40b0-ab56-adb9caaa6a70 ==============================
[0m14:09:46.845460 [info ] [MainThread]: Running with dbt=1.2.0
[0m14:09:46.846690 [debug] [MainThread]: running dbt with arguments {'write_json': True, 'use_colors': True, 'printer_width': 80, 'version_check': True, 'partial_parse': True, 'static_parser': True, 'profiles_dir': '/Users/nvora/.dbt', 'send_anonymous_usage_stats': True, 'event_buffer_size': 100000, 'quiet': False, 'no_print': False, 'config_dir': False, 'which': 'debug', 'indirect_selection': 'eager'}
[0m14:09:46.847044 [debug] [MainThread]: Tracking: tracking
[0m14:09:46.858470 [debug] [MainThread]: Sending event: {'category': 'dbt', 'action': 'invocation', 'label': 'start', 'context': [<snowplow_tracker.self_describing_json.SelfDescribingJson object at 0x10a08efa0>, <snowplow_tracker.self_describing_json.SelfDescribingJson object at 0x10a08ed60>, <snowplow_tracker.self_describing_json.SelfDescribingJson object at 0x10a08ed00>]}
[0m14:09:47.284563 [debug] [MainThread]: Executing "git --help"
[0m14:09:47.322500 [debug] [MainThread]: STDOUT: "b"usage: git [-v | --version] [-h | --help] [-C <path>] [-c <name>=<value>]\n           [--exec-path[=<path>]] [--html-path] [--man-path] [--info-path]\n           [-p | --paginate | -P | --no-pager] [--no-replace-objects] [--bare]\n           [--git-dir=<path>] [--work-tree=<path>] [--namespace=<name>]\n           [--super-prefix=<path>] [--config-env=<name>=<envvar>]\n           <command> [<args>]\n\nThese are common Git commands used in various situations:\n\nstart a working area (see also: git help tutorial)\n   clone     Clone a repository into a new directory\n   init      Create an empty Git repository or reinitialize an existing one\n\nwork on the current change (see also: git help everyday)\n   add       Add file contents to the index\n   mv        Move or rename a file, a directory, or a symlink\n   restore   Restore working tree files\n   rm        Remove files from the working tree and from the index\n\nexamine the history and state (see also: git help revisions)\n   bisect    Use binary search to find the commit that introduced a bug\n   diff      Show changes between commits, commit and working tree, etc\n   grep      Print lines matching a pattern\n   log       Show commit logs\n   show      Show various types of objects\n   status    Show the working tree status\n\ngrow, mark and tweak your common history\n   branch    List, create, or delete branches\n   commit    Record changes to the repository\n   merge     Join two or more development histories together\n   rebase    Reapply commits on top of another base tip\n   reset     Reset current HEAD to the specified state\n   switch    Switch branches\n   tag       Create, list, delete or verify a tag object signed with GPG\n\ncollaborate (see also: git help workflows)\n   fetch     Download objects and refs from another repository\n   pull      Fetch from and integrate with another repository or a local branch\n   push      Update remote refs along with associated objects\n\n'git help -a' and 'git help -g' list available subcommands and some\nconcept guides. See 'git help <command>' or 'git help <concept>'\nto read about a specific subcommand or concept.\nSee 'git help git' for an overview of the system.\n""
[0m14:09:47.323991 [debug] [MainThread]: STDERR: "b''"
[0m14:09:47.333892 [debug] [MainThread]: Acquiring new bigquery connection "debug"
[0m14:09:47.334953 [debug] [MainThread]: Opening a new connection, currently in state init
[0m14:09:47.335482 [debug] [MainThread]: BigQuery adapter: Got an error when attempting to create a bigquery client: 'expected str, bytes or os.PathLike object, not NoneType'
[0m14:09:47.336531 [debug] [MainThread]: Sending event: {'category': 'dbt', 'action': 'invocation', 'label': 'end', 'context': [<snowplow_tracker.self_describing_json.SelfDescribingJson object at 0x10bcf8610>, <snowplow_tracker.self_describing_json.SelfDescribingJson object at 0x10bc9a190>, <snowplow_tracker.self_describing_json.SelfDescribingJson object at 0x10bc9a820>]}
[0m14:09:47.466953 [debug] [MainThread]: Connection 'debug' was properly closed.


============================== 2022-08-16 14:21:11.109929 | 0fe8ebf7-e3e5-4bc6-9b21-e092b421da5e ==============================
[0m14:21:11.109944 [info ] [MainThread]: Running with dbt=1.2.0
[0m14:21:11.111220 [debug] [MainThread]: running dbt with arguments {'write_json': True, 'use_colors': True, 'printer_width': 80, 'version_check': True, 'partial_parse': True, 'static_parser': True, 'profiles_dir': '/Users/nvora/.dbt', 'send_anonymous_usage_stats': True, 'event_buffer_size': 100000, 'quiet': False, 'no_print': False, 'config_dir': False, 'which': 'debug', 'indirect_selection': 'eager'}
[0m14:21:11.111354 [debug] [MainThread]: Tracking: tracking
[0m14:21:11.128082 [debug] [MainThread]: Sending event: {'category': 'dbt', 'action': 'invocation', 'label': 'start', 'context': [<snowplow_tracker.self_describing_json.SelfDescribingJson object at 0x10ae8eeb0>, <snowplow_tracker.self_describing_json.SelfDescribingJson object at 0x10ae8ec70>, <snowplow_tracker.self_describing_json.SelfDescribingJson object at 0x10ae8ed60>]}
[0m14:21:11.572073 [debug] [MainThread]: Executing "git --help"
[0m14:21:11.616413 [debug] [MainThread]: STDOUT: "b"usage: git [-v | --version] [-h | --help] [-C <path>] [-c <name>=<value>]\n           [--exec-path[=<path>]] [--html-path] [--man-path] [--info-path]\n           [-p | --paginate | -P | --no-pager] [--no-replace-objects] [--bare]\n           [--git-dir=<path>] [--work-tree=<path>] [--namespace=<name>]\n           [--super-prefix=<path>] [--config-env=<name>=<envvar>]\n           <command> [<args>]\n\nThese are common Git commands used in various situations:\n\nstart a working area (see also: git help tutorial)\n   clone     Clone a repository into a new directory\n   init      Create an empty Git repository or reinitialize an existing one\n\nwork on the current change (see also: git help everyday)\n   add       Add file contents to the index\n   mv        Move or rename a file, a directory, or a symlink\n   restore   Restore working tree files\n   rm        Remove files from the working tree and from the index\n\nexamine the history and state (see also: git help revisions)\n   bisect    Use binary search to find the commit that introduced a bug\n   diff      Show changes between commits, commit and working tree, etc\n   grep      Print lines matching a pattern\n   log       Show commit logs\n   show      Show various types of objects\n   status    Show the working tree status\n\ngrow, mark and tweak your common history\n   branch    List, create, or delete branches\n   commit    Record changes to the repository\n   merge     Join two or more development histories together\n   rebase    Reapply commits on top of another base tip\n   reset     Reset current HEAD to the specified state\n   switch    Switch branches\n   tag       Create, list, delete or verify a tag object signed with GPG\n\ncollaborate (see also: git help workflows)\n   fetch     Download objects and refs from another repository\n   pull      Fetch from and integrate with another repository or a local branch\n   push      Update remote refs along with associated objects\n\n'git help -a' and 'git help -g' list available subcommands and some\nconcept guides. See 'git help <command>' or 'git help <concept>'\nto read about a specific subcommand or concept.\nSee 'git help git' for an overview of the system.\n""
[0m14:21:11.617248 [debug] [MainThread]: STDERR: "b''"
[0m14:21:11.627858 [debug] [MainThread]: Acquiring new bigquery connection "debug"
[0m14:21:11.629237 [debug] [MainThread]: Opening a new connection, currently in state init
[0m14:21:11.630002 [debug] [MainThread]: BigQuery adapter: Got an error when attempting to create a bigquery client: 'expected str, bytes or os.PathLike object, not NoneType'
[0m14:21:11.631027 [debug] [MainThread]: Sending event: {'category': 'dbt', 'action': 'invocation', 'label': 'end', 'context': [<snowplow_tracker.self_describing_json.SelfDescribingJson object at 0x10cc43970>, <snowplow_tracker.self_describing_json.SelfDescribingJson object at 0x10cba38e0>, <snowplow_tracker.self_describing_json.SelfDescribingJson object at 0x10cba39a0>]}
[0m14:21:11.766992 [debug] [MainThread]: Connection 'debug' was properly closed.


============================== 2022-08-16 17:15:02.914081 | cbeccd39-1626-495e-a57e-79522911a52e ==============================
[0m17:15:02.914126 [info ] [MainThread]: Running with dbt=1.2.0
[0m17:15:02.916575 [debug] [MainThread]: running dbt with arguments {'write_json': True, 'use_colors': True, 'printer_width': 80, 'version_check': True, 'partial_parse': True, 'static_parser': True, 'profiles_dir': '/Users/nvora/.dbt', 'send_anonymous_usage_stats': True, 'event_buffer_size': 100000, 'quiet': False, 'no_print': False, 'config_dir': False, 'which': 'debug', 'indirect_selection': 'eager'}
[0m17:15:02.917751 [debug] [MainThread]: Tracking: tracking
[0m17:15:02.930060 [debug] [MainThread]: Sending event: {'category': 'dbt', 'action': 'invocation', 'label': 'start', 'context': [<snowplow_tracker.self_describing_json.SelfDescribingJson object at 0x10dde9f10>, <snowplow_tracker.self_describing_json.SelfDescribingJson object at 0x10dde9cd0>, <snowplow_tracker.self_describing_json.SelfDescribingJson object at 0x10dde9dc0>]}
[0m17:15:03.389463 [debug] [MainThread]: Executing "git --help"
[0m17:15:03.422009 [debug] [MainThread]: STDOUT: "b"usage: git [-v | --version] [-h | --help] [-C <path>] [-c <name>=<value>]\n           [--exec-path[=<path>]] [--html-path] [--man-path] [--info-path]\n           [-p | --paginate | -P | --no-pager] [--no-replace-objects] [--bare]\n           [--git-dir=<path>] [--work-tree=<path>] [--namespace=<name>]\n           [--super-prefix=<path>] [--config-env=<name>=<envvar>]\n           <command> [<args>]\n\nThese are common Git commands used in various situations:\n\nstart a working area (see also: git help tutorial)\n   clone     Clone a repository into a new directory\n   init      Create an empty Git repository or reinitialize an existing one\n\nwork on the current change (see also: git help everyday)\n   add       Add file contents to the index\n   mv        Move or rename a file, a directory, or a symlink\n   restore   Restore working tree files\n   rm        Remove files from the working tree and from the index\n\nexamine the history and state (see also: git help revisions)\n   bisect    Use binary search to find the commit that introduced a bug\n   diff      Show changes between commits, commit and working tree, etc\n   grep      Print lines matching a pattern\n   log       Show commit logs\n   show      Show various types of objects\n   status    Show the working tree status\n\ngrow, mark and tweak your common history\n   branch    List, create, or delete branches\n   commit    Record changes to the repository\n   merge     Join two or more development histories together\n   rebase    Reapply commits on top of another base tip\n   reset     Reset current HEAD to the specified state\n   switch    Switch branches\n   tag       Create, list, delete or verify a tag object signed with GPG\n\ncollaborate (see also: git help workflows)\n   fetch     Download objects and refs from another repository\n   pull      Fetch from and integrate with another repository or a local branch\n   push      Update remote refs along with associated objects\n\n'git help -a' and 'git help -g' list available subcommands and some\nconcept guides. See 'git help <command>' or 'git help <concept>'\nto read about a specific subcommand or concept.\nSee 'git help git' for an overview of the system.\n""
[0m17:15:03.422761 [debug] [MainThread]: STDERR: "b''"
[0m17:15:03.432842 [debug] [MainThread]: Acquiring new bigquery connection "debug"
[0m17:15:03.433996 [debug] [MainThread]: Opening a new connection, currently in state init
[0m17:15:03.434576 [debug] [MainThread]: BigQuery adapter: Got an error when attempting to create a bigquery client: 'expected str, bytes or os.PathLike object, not NoneType'
[0m17:15:03.435530 [debug] [MainThread]: Sending event: {'category': 'dbt', 'action': 'invocation', 'label': 'end', 'context': [<snowplow_tracker.self_describing_json.SelfDescribingJson object at 0x10fa56fa0>, <snowplow_tracker.self_describing_json.SelfDescribingJson object at 0x10f9f5940>, <snowplow_tracker.self_describing_json.SelfDescribingJson object at 0x10f9f59d0>]}
[0m17:15:06.000053 [debug] [MainThread]: Connection 'debug' was properly closed.


============================== 2022-08-16 17:17:38.858214 | b94dd1e9-aba4-43e6-b915-9b157fb2a4c9 ==============================
[0m17:17:38.858226 [info ] [MainThread]: Running with dbt=1.2.0
[0m17:17:38.858696 [debug] [MainThread]: running dbt with arguments {'write_json': True, 'use_colors': True, 'printer_width': 80, 'version_check': True, 'partial_parse': True, 'static_parser': True, 'profiles_dir': '/Users/nvora/.dbt', 'send_anonymous_usage_stats': True, 'event_buffer_size': 100000, 'quiet': False, 'no_print': False, 'config_dir': False, 'which': 'debug', 'indirect_selection': 'eager'}
[0m17:17:38.858836 [debug] [MainThread]: Tracking: tracking
[0m17:17:38.869977 [debug] [MainThread]: Sending event: {'category': 'dbt', 'action': 'invocation', 'label': 'start', 'context': [<snowplow_tracker.self_describing_json.SelfDescribingJson object at 0x10bca7f40>, <snowplow_tracker.self_describing_json.SelfDescribingJson object at 0x10bca7d00>, <snowplow_tracker.self_describing_json.SelfDescribingJson object at 0x10bca7df0>]}
[0m17:17:39.095258 [debug] [MainThread]: Executing "git --help"
[0m17:17:39.106355 [debug] [MainThread]: STDOUT: "b"usage: git [-v | --version] [-h | --help] [-C <path>] [-c <name>=<value>]\n           [--exec-path[=<path>]] [--html-path] [--man-path] [--info-path]\n           [-p | --paginate | -P | --no-pager] [--no-replace-objects] [--bare]\n           [--git-dir=<path>] [--work-tree=<path>] [--namespace=<name>]\n           [--super-prefix=<path>] [--config-env=<name>=<envvar>]\n           <command> [<args>]\n\nThese are common Git commands used in various situations:\n\nstart a working area (see also: git help tutorial)\n   clone     Clone a repository into a new directory\n   init      Create an empty Git repository or reinitialize an existing one\n\nwork on the current change (see also: git help everyday)\n   add       Add file contents to the index\n   mv        Move or rename a file, a directory, or a symlink\n   restore   Restore working tree files\n   rm        Remove files from the working tree and from the index\n\nexamine the history and state (see also: git help revisions)\n   bisect    Use binary search to find the commit that introduced a bug\n   diff      Show changes between commits, commit and working tree, etc\n   grep      Print lines matching a pattern\n   log       Show commit logs\n   show      Show various types of objects\n   status    Show the working tree status\n\ngrow, mark and tweak your common history\n   branch    List, create, or delete branches\n   commit    Record changes to the repository\n   merge     Join two or more development histories together\n   rebase    Reapply commits on top of another base tip\n   reset     Reset current HEAD to the specified state\n   switch    Switch branches\n   tag       Create, list, delete or verify a tag object signed with GPG\n\ncollaborate (see also: git help workflows)\n   fetch     Download objects and refs from another repository\n   pull      Fetch from and integrate with another repository or a local branch\n   push      Update remote refs along with associated objects\n\n'git help -a' and 'git help -g' list available subcommands and some\nconcept guides. See 'git help <command>' or 'git help <concept>'\nto read about a specific subcommand or concept.\nSee 'git help git' for an overview of the system.\n""
[0m17:17:39.107273 [debug] [MainThread]: STDERR: "b''"
[0m17:17:39.114950 [debug] [MainThread]: Acquiring new bigquery connection "debug"
[0m17:17:39.116224 [debug] [MainThread]: Opening a new connection, currently in state init
[0m17:17:39.116739 [debug] [MainThread]: BigQuery adapter: Got an error when attempting to create a bigquery client: 'expected str, bytes or os.PathLike object, not NoneType'
[0m17:17:39.117826 [debug] [MainThread]: Sending event: {'category': 'dbt', 'action': 'invocation', 'label': 'end', 'context': [<snowplow_tracker.self_describing_json.SelfDescribingJson object at 0x10d928f40>, <snowplow_tracker.self_describing_json.SelfDescribingJson object at 0x10d888880>, <snowplow_tracker.self_describing_json.SelfDescribingJson object at 0x10d888a00>]}
[0m17:17:41.815967 [debug] [MainThread]: Connection 'debug' was properly closed.


============================== 2022-08-16 17:19:36.871867 | fa64789a-eab6-4ec0-8739-a65b3b38e80d ==============================
[0m17:19:36.871881 [info ] [MainThread]: Running with dbt=1.2.0
[0m17:19:36.873103 [debug] [MainThread]: running dbt with arguments {'write_json': True, 'use_colors': True, 'printer_width': 80, 'version_check': True, 'partial_parse': True, 'static_parser': True, 'profiles_dir': '/Users/nvora/.dbt', 'send_anonymous_usage_stats': True, 'event_buffer_size': 100000, 'quiet': False, 'no_print': False, 'config_dir': False, 'which': 'debug', 'indirect_selection': 'eager'}
[0m17:19:36.873392 [debug] [MainThread]: Tracking: tracking
[0m17:19:36.885980 [debug] [MainThread]: Sending event: {'category': 'dbt', 'action': 'invocation', 'label': 'start', 'context': [<snowplow_tracker.self_describing_json.SelfDescribingJson object at 0x112f09eb0>, <snowplow_tracker.self_describing_json.SelfDescribingJson object at 0x112f09c70>, <snowplow_tracker.self_describing_json.SelfDescribingJson object at 0x112f09d60>]}
[0m17:19:37.288199 [debug] [MainThread]: Executing "git --help"
[0m17:19:37.318301 [debug] [MainThread]: STDOUT: "b"usage: git [-v | --version] [-h | --help] [-C <path>] [-c <name>=<value>]\n           [--exec-path[=<path>]] [--html-path] [--man-path] [--info-path]\n           [-p | --paginate | -P | --no-pager] [--no-replace-objects] [--bare]\n           [--git-dir=<path>] [--work-tree=<path>] [--namespace=<name>]\n           [--super-prefix=<path>] [--config-env=<name>=<envvar>]\n           <command> [<args>]\n\nThese are common Git commands used in various situations:\n\nstart a working area (see also: git help tutorial)\n   clone     Clone a repository into a new directory\n   init      Create an empty Git repository or reinitialize an existing one\n\nwork on the current change (see also: git help everyday)\n   add       Add file contents to the index\n   mv        Move or rename a file, a directory, or a symlink\n   restore   Restore working tree files\n   rm        Remove files from the working tree and from the index\n\nexamine the history and state (see also: git help revisions)\n   bisect    Use binary search to find the commit that introduced a bug\n   diff      Show changes between commits, commit and working tree, etc\n   grep      Print lines matching a pattern\n   log       Show commit logs\n   show      Show various types of objects\n   status    Show the working tree status\n\ngrow, mark and tweak your common history\n   branch    List, create, or delete branches\n   commit    Record changes to the repository\n   merge     Join two or more development histories together\n   rebase    Reapply commits on top of another base tip\n   reset     Reset current HEAD to the specified state\n   switch    Switch branches\n   tag       Create, list, delete or verify a tag object signed with GPG\n\ncollaborate (see also: git help workflows)\n   fetch     Download objects and refs from another repository\n   pull      Fetch from and integrate with another repository or a local branch\n   push      Update remote refs along with associated objects\n\n'git help -a' and 'git help -g' list available subcommands and some\nconcept guides. See 'git help <command>' or 'git help <concept>'\nto read about a specific subcommand or concept.\nSee 'git help git' for an overview of the system.\n""
[0m17:19:37.318988 [debug] [MainThread]: STDERR: "b''"
[0m17:19:37.331158 [debug] [MainThread]: Acquiring new bigquery connection "debug"
[0m17:19:37.332134 [debug] [MainThread]: Opening a new connection, currently in state init
[0m17:19:37.332645 [debug] [MainThread]: BigQuery adapter: Got an error when attempting to create a bigquery client: 'expected str, bytes or os.PathLike object, not NoneType'
[0m17:19:37.333584 [debug] [MainThread]: Sending event: {'category': 'dbt', 'action': 'invocation', 'label': 'end', 'context': [<snowplow_tracker.self_describing_json.SelfDescribingJson object at 0x114b87fa0>, <snowplow_tracker.self_describing_json.SelfDescribingJson object at 0x114b2a310>, <snowplow_tracker.self_describing_json.SelfDescribingJson object at 0x114b2a2e0>]}
[0m17:19:38.463838 [debug] [MainThread]: Connection 'debug' was properly closed.


============================== 2022-08-16 17:20:14.711252 | 388bbabb-27d0-4909-90bc-27f6c462ee7d ==============================
[0m17:20:14.711265 [info ] [MainThread]: Running with dbt=1.2.0
[0m17:20:14.711658 [debug] [MainThread]: running dbt with arguments {'write_json': True, 'use_colors': True, 'printer_width': 80, 'version_check': True, 'partial_parse': True, 'static_parser': True, 'profiles_dir': '/Users/nvora/.dbt', 'send_anonymous_usage_stats': True, 'event_buffer_size': 100000, 'quiet': False, 'no_print': False, 'config_dir': False, 'which': 'debug', 'indirect_selection': 'eager'}
[0m17:20:14.711810 [debug] [MainThread]: Tracking: tracking
[0m17:20:14.722557 [debug] [MainThread]: Sending event: {'category': 'dbt', 'action': 'invocation', 'label': 'start', 'context': [<snowplow_tracker.self_describing_json.SelfDescribingJson object at 0x1045c2fa0>, <snowplow_tracker.self_describing_json.SelfDescribingJson object at 0x1045c2d60>, <snowplow_tracker.self_describing_json.SelfDescribingJson object at 0x1045c2d00>]}
[0m17:20:14.968264 [debug] [MainThread]: Executing "git --help"
[0m17:20:14.980656 [debug] [MainThread]: STDOUT: "b"usage: git [-v | --version] [-h | --help] [-C <path>] [-c <name>=<value>]\n           [--exec-path[=<path>]] [--html-path] [--man-path] [--info-path]\n           [-p | --paginate | -P | --no-pager] [--no-replace-objects] [--bare]\n           [--git-dir=<path>] [--work-tree=<path>] [--namespace=<name>]\n           [--super-prefix=<path>] [--config-env=<name>=<envvar>]\n           <command> [<args>]\n\nThese are common Git commands used in various situations:\n\nstart a working area (see also: git help tutorial)\n   clone     Clone a repository into a new directory\n   init      Create an empty Git repository or reinitialize an existing one\n\nwork on the current change (see also: git help everyday)\n   add       Add file contents to the index\n   mv        Move or rename a file, a directory, or a symlink\n   restore   Restore working tree files\n   rm        Remove files from the working tree and from the index\n\nexamine the history and state (see also: git help revisions)\n   bisect    Use binary search to find the commit that introduced a bug\n   diff      Show changes between commits, commit and working tree, etc\n   grep      Print lines matching a pattern\n   log       Show commit logs\n   show      Show various types of objects\n   status    Show the working tree status\n\ngrow, mark and tweak your common history\n   branch    List, create, or delete branches\n   commit    Record changes to the repository\n   merge     Join two or more development histories together\n   rebase    Reapply commits on top of another base tip\n   reset     Reset current HEAD to the specified state\n   switch    Switch branches\n   tag       Create, list, delete or verify a tag object signed with GPG\n\ncollaborate (see also: git help workflows)\n   fetch     Download objects and refs from another repository\n   pull      Fetch from and integrate with another repository or a local branch\n   push      Update remote refs along with associated objects\n\n'git help -a' and 'git help -g' list available subcommands and some\nconcept guides. See 'git help <command>' or 'git help <concept>'\nto read about a specific subcommand or concept.\nSee 'git help git' for an overview of the system.\n""
[0m17:20:14.981694 [debug] [MainThread]: STDERR: "b''"
[0m17:20:14.988962 [debug] [MainThread]: Acquiring new bigquery connection "debug"
[0m17:20:14.990007 [debug] [MainThread]: Opening a new connection, currently in state init
[0m17:20:14.990476 [debug] [MainThread]: BigQuery adapter: Got an error when attempting to create a bigquery client: 'expected str, bytes or os.PathLike object, not NoneType'
[0m17:20:14.991522 [debug] [MainThread]: Sending event: {'category': 'dbt', 'action': 'invocation', 'label': 'end', 'context': [<snowplow_tracker.self_describing_json.SelfDescribingJson object at 0x10623f610>, <snowplow_tracker.self_describing_json.SelfDescribingJson object at 0x1061e0190>, <snowplow_tracker.self_describing_json.SelfDescribingJson object at 0x1061e0820>]}
[0m17:20:15.256605 [debug] [MainThread]: Connection 'debug' was properly closed.


============================== 2022-08-16 17:20:45.507399 | 77a126f5-2b54-4516-959e-0047d19a5e38 ==============================
[0m17:20:45.507413 [info ] [MainThread]: Running with dbt=1.2.0
[0m17:20:45.507792 [debug] [MainThread]: running dbt with arguments {'write_json': True, 'use_colors': True, 'printer_width': 80, 'version_check': True, 'partial_parse': True, 'static_parser': True, 'profiles_dir': '/Users/nvora/.dbt', 'send_anonymous_usage_stats': True, 'event_buffer_size': 100000, 'quiet': False, 'no_print': False, 'config_dir': False, 'which': 'debug', 'indirect_selection': 'eager'}
[0m17:20:45.507914 [debug] [MainThread]: Tracking: tracking
[0m17:20:45.519226 [debug] [MainThread]: Sending event: {'category': 'dbt', 'action': 'invocation', 'label': 'start', 'context': [<snowplow_tracker.self_describing_json.SelfDescribingJson object at 0x109caff10>, <snowplow_tracker.self_describing_json.SelfDescribingJson object at 0x109cafcd0>, <snowplow_tracker.self_describing_json.SelfDescribingJson object at 0x109cafdc0>]}
[0m17:20:45.745313 [debug] [MainThread]: Executing "git --help"
[0m17:20:45.756434 [debug] [MainThread]: STDOUT: "b"usage: git [-v | --version] [-h | --help] [-C <path>] [-c <name>=<value>]\n           [--exec-path[=<path>]] [--html-path] [--man-path] [--info-path]\n           [-p | --paginate | -P | --no-pager] [--no-replace-objects] [--bare]\n           [--git-dir=<path>] [--work-tree=<path>] [--namespace=<name>]\n           [--super-prefix=<path>] [--config-env=<name>=<envvar>]\n           <command> [<args>]\n\nThese are common Git commands used in various situations:\n\nstart a working area (see also: git help tutorial)\n   clone     Clone a repository into a new directory\n   init      Create an empty Git repository or reinitialize an existing one\n\nwork on the current change (see also: git help everyday)\n   add       Add file contents to the index\n   mv        Move or rename a file, a directory, or a symlink\n   restore   Restore working tree files\n   rm        Remove files from the working tree and from the index\n\nexamine the history and state (see also: git help revisions)\n   bisect    Use binary search to find the commit that introduced a bug\n   diff      Show changes between commits, commit and working tree, etc\n   grep      Print lines matching a pattern\n   log       Show commit logs\n   show      Show various types of objects\n   status    Show the working tree status\n\ngrow, mark and tweak your common history\n   branch    List, create, or delete branches\n   commit    Record changes to the repository\n   merge     Join two or more development histories together\n   rebase    Reapply commits on top of another base tip\n   reset     Reset current HEAD to the specified state\n   switch    Switch branches\n   tag       Create, list, delete or verify a tag object signed with GPG\n\ncollaborate (see also: git help workflows)\n   fetch     Download objects and refs from another repository\n   pull      Fetch from and integrate with another repository or a local branch\n   push      Update remote refs along with associated objects\n\n'git help -a' and 'git help -g' list available subcommands and some\nconcept guides. See 'git help <command>' or 'git help <concept>'\nto read about a specific subcommand or concept.\nSee 'git help git' for an overview of the system.\n""
[0m17:20:45.757100 [debug] [MainThread]: STDERR: "b''"
[0m17:20:45.763579 [debug] [MainThread]: Acquiring new bigquery connection "debug"
[0m17:20:45.764887 [debug] [MainThread]: Opening a new connection, currently in state init
[0m17:20:45.765325 [debug] [MainThread]: BigQuery adapter: Got an error when attempting to create a bigquery client: 'expected str, bytes or os.PathLike object, not NoneType'
[0m17:20:45.766336 [debug] [MainThread]: Sending event: {'category': 'dbt', 'action': 'invocation', 'label': 'end', 'context': [<snowplow_tracker.self_describing_json.SelfDescribingJson object at 0x10b930e50>, <snowplow_tracker.self_describing_json.SelfDescribingJson object at 0x10b8cf5b0>, <snowplow_tracker.self_describing_json.SelfDescribingJson object at 0x10b8cf5e0>]}
[0m17:20:46.041341 [debug] [MainThread]: Connection 'debug' was properly closed.


============================== 2022-08-16 17:21:00.250917 | 690a5e27-4ed6-44f6-8248-5a6842cf4dc3 ==============================
[0m17:21:00.250940 [info ] [MainThread]: Running with dbt=1.2.0
[0m17:21:00.251461 [debug] [MainThread]: running dbt with arguments {'write_json': True, 'use_colors': True, 'printer_width': 80, 'version_check': True, 'partial_parse': True, 'static_parser': True, 'profiles_dir': '/Users/nvora/.dbt', 'send_anonymous_usage_stats': True, 'event_buffer_size': 100000, 'quiet': False, 'no_print': False, 'config_dir': False, 'which': 'debug', 'indirect_selection': 'eager'}
[0m17:21:00.251611 [debug] [MainThread]: Tracking: tracking
[0m17:21:00.267149 [debug] [MainThread]: Sending event: {'category': 'dbt', 'action': 'invocation', 'label': 'start', 'context': [<snowplow_tracker.self_describing_json.SelfDescribingJson object at 0x1084d5f10>, <snowplow_tracker.self_describing_json.SelfDescribingJson object at 0x1084d5cd0>, <snowplow_tracker.self_describing_json.SelfDescribingJson object at 0x1084d5dc0>]}
[0m17:21:00.497584 [debug] [MainThread]: Executing "git --help"
[0m17:21:00.516349 [debug] [MainThread]: STDOUT: "b"usage: git [-v | --version] [-h | --help] [-C <path>] [-c <name>=<value>]\n           [--exec-path[=<path>]] [--html-path] [--man-path] [--info-path]\n           [-p | --paginate | -P | --no-pager] [--no-replace-objects] [--bare]\n           [--git-dir=<path>] [--work-tree=<path>] [--namespace=<name>]\n           [--super-prefix=<path>] [--config-env=<name>=<envvar>]\n           <command> [<args>]\n\nThese are common Git commands used in various situations:\n\nstart a working area (see also: git help tutorial)\n   clone     Clone a repository into a new directory\n   init      Create an empty Git repository or reinitialize an existing one\n\nwork on the current change (see also: git help everyday)\n   add       Add file contents to the index\n   mv        Move or rename a file, a directory, or a symlink\n   restore   Restore working tree files\n   rm        Remove files from the working tree and from the index\n\nexamine the history and state (see also: git help revisions)\n   bisect    Use binary search to find the commit that introduced a bug\n   diff      Show changes between commits, commit and working tree, etc\n   grep      Print lines matching a pattern\n   log       Show commit logs\n   show      Show various types of objects\n   status    Show the working tree status\n\ngrow, mark and tweak your common history\n   branch    List, create, or delete branches\n   commit    Record changes to the repository\n   merge     Join two or more development histories together\n   rebase    Reapply commits on top of another base tip\n   reset     Reset current HEAD to the specified state\n   switch    Switch branches\n   tag       Create, list, delete or verify a tag object signed with GPG\n\ncollaborate (see also: git help workflows)\n   fetch     Download objects and refs from another repository\n   pull      Fetch from and integrate with another repository or a local branch\n   push      Update remote refs along with associated objects\n\n'git help -a' and 'git help -g' list available subcommands and some\nconcept guides. See 'git help <command>' or 'git help <concept>'\nto read about a specific subcommand or concept.\nSee 'git help git' for an overview of the system.\n""
[0m17:21:00.517073 [debug] [MainThread]: STDERR: "b''"
[0m17:21:00.524624 [debug] [MainThread]: Acquiring new bigquery connection "debug"
[0m17:21:00.526215 [debug] [MainThread]: Opening a new connection, currently in state init
[0m17:21:00.526829 [debug] [MainThread]: BigQuery adapter: Got an error when attempting to create a bigquery client: 'expected str, bytes or os.PathLike object, not NoneType'
[0m17:21:00.528329 [debug] [MainThread]: Sending event: {'category': 'dbt', 'action': 'invocation', 'label': 'end', 'context': [<snowplow_tracker.self_describing_json.SelfDescribingJson object at 0x10a154fd0>, <snowplow_tracker.self_describing_json.SelfDescribingJson object at 0x10a0f50a0>, <snowplow_tracker.self_describing_json.SelfDescribingJson object at 0x10a0f5580>]}
[0m17:21:01.898548 [debug] [MainThread]: Connection 'debug' was properly closed.


============================== 2022-08-16 17:23:25.404702 | 61b97818-bc29-4a60-ab68-622971cd5fb8 ==============================
[0m17:23:25.404714 [info ] [MainThread]: Running with dbt=1.2.0
[0m17:23:25.405607 [debug] [MainThread]: running dbt with arguments {'write_json': True, 'use_colors': True, 'printer_width': 80, 'version_check': True, 'partial_parse': True, 'static_parser': True, 'profiles_dir': '/Users/nvora/.dbt', 'send_anonymous_usage_stats': True, 'event_buffer_size': 100000, 'quiet': False, 'no_print': False, 'config_dir': False, 'which': 'debug', 'indirect_selection': 'eager'}
[0m17:23:25.405740 [debug] [MainThread]: Tracking: tracking
[0m17:23:25.418942 [debug] [MainThread]: Sending event: {'category': 'dbt', 'action': 'invocation', 'label': 'start', 'context': [<snowplow_tracker.self_describing_json.SelfDescribingJson object at 0x109ac6fa0>, <snowplow_tracker.self_describing_json.SelfDescribingJson object at 0x109ac6d60>, <snowplow_tracker.self_describing_json.SelfDescribingJson object at 0x109ac6d00>]}
[0m17:23:25.866689 [debug] [MainThread]: Executing "git --help"
[0m17:23:25.907993 [debug] [MainThread]: STDOUT: "b"usage: git [-v | --version] [-h | --help] [-C <path>] [-c <name>=<value>]\n           [--exec-path[=<path>]] [--html-path] [--man-path] [--info-path]\n           [-p | --paginate | -P | --no-pager] [--no-replace-objects] [--bare]\n           [--git-dir=<path>] [--work-tree=<path>] [--namespace=<name>]\n           [--super-prefix=<path>] [--config-env=<name>=<envvar>]\n           <command> [<args>]\n\nThese are common Git commands used in various situations:\n\nstart a working area (see also: git help tutorial)\n   clone     Clone a repository into a new directory\n   init      Create an empty Git repository or reinitialize an existing one\n\nwork on the current change (see also: git help everyday)\n   add       Add file contents to the index\n   mv        Move or rename a file, a directory, or a symlink\n   restore   Restore working tree files\n   rm        Remove files from the working tree and from the index\n\nexamine the history and state (see also: git help revisions)\n   bisect    Use binary search to find the commit that introduced a bug\n   diff      Show changes between commits, commit and working tree, etc\n   grep      Print lines matching a pattern\n   log       Show commit logs\n   show      Show various types of objects\n   status    Show the working tree status\n\ngrow, mark and tweak your common history\n   branch    List, create, or delete branches\n   commit    Record changes to the repository\n   merge     Join two or more development histories together\n   rebase    Reapply commits on top of another base tip\n   reset     Reset current HEAD to the specified state\n   switch    Switch branches\n   tag       Create, list, delete or verify a tag object signed with GPG\n\ncollaborate (see also: git help workflows)\n   fetch     Download objects and refs from another repository\n   pull      Fetch from and integrate with another repository or a local branch\n   push      Update remote refs along with associated objects\n\n'git help -a' and 'git help -g' list available subcommands and some\nconcept guides. See 'git help <command>' or 'git help <concept>'\nto read about a specific subcommand or concept.\nSee 'git help git' for an overview of the system.\n""
[0m17:23:25.908599 [debug] [MainThread]: STDERR: "b''"
[0m17:23:25.917590 [debug] [MainThread]: Acquiring new bigquery connection "debug"
[0m17:23:25.918616 [debug] [MainThread]: Opening a new connection, currently in state init
[0m17:23:25.919110 [debug] [MainThread]: BigQuery adapter: Got an error when attempting to create a bigquery client: 'expected str, bytes or os.PathLike object, not NoneType'
[0m17:23:25.920431 [debug] [MainThread]: Sending event: {'category': 'dbt', 'action': 'invocation', 'label': 'end', 'context': [<snowplow_tracker.self_describing_json.SelfDescribingJson object at 0x10b747610>, <snowplow_tracker.self_describing_json.SelfDescribingJson object at 0x10b6e6190>, <snowplow_tracker.self_describing_json.SelfDescribingJson object at 0x10b6e6820>]}
[0m17:23:28.430957 [debug] [MainThread]: Connection 'debug' was properly closed.


============================== 2022-08-16 17:28:15.480577 | 1ac49030-7bb5-4256-9499-5a1ab4381680 ==============================
[0m17:28:15.480593 [info ] [MainThread]: Running with dbt=1.2.0
[0m17:28:15.482041 [debug] [MainThread]: running dbt with arguments {'write_json': True, 'use_colors': True, 'printer_width': 80, 'version_check': True, 'partial_parse': True, 'static_parser': True, 'profiles_dir': '/Users/nvora/.dbt', 'send_anonymous_usage_stats': True, 'event_buffer_size': 100000, 'quiet': False, 'no_print': False, 'config_dir': False, 'which': 'debug', 'indirect_selection': 'eager'}
[0m17:28:15.482318 [debug] [MainThread]: Tracking: tracking
[0m17:28:15.495160 [debug] [MainThread]: Sending event: {'category': 'dbt', 'action': 'invocation', 'label': 'start', 'context': [<snowplow_tracker.self_describing_json.SelfDescribingJson object at 0x105e10fa0>, <snowplow_tracker.self_describing_json.SelfDescribingJson object at 0x105e10d60>, <snowplow_tracker.self_describing_json.SelfDescribingJson object at 0x105e10d00>]}
[0m17:28:15.925711 [debug] [MainThread]: Executing "git --help"
[0m17:28:15.961625 [debug] [MainThread]: STDOUT: "b"usage: git [-v | --version] [-h | --help] [-C <path>] [-c <name>=<value>]\n           [--exec-path[=<path>]] [--html-path] [--man-path] [--info-path]\n           [-p | --paginate | -P | --no-pager] [--no-replace-objects] [--bare]\n           [--git-dir=<path>] [--work-tree=<path>] [--namespace=<name>]\n           [--super-prefix=<path>] [--config-env=<name>=<envvar>]\n           <command> [<args>]\n\nThese are common Git commands used in various situations:\n\nstart a working area (see also: git help tutorial)\n   clone     Clone a repository into a new directory\n   init      Create an empty Git repository or reinitialize an existing one\n\nwork on the current change (see also: git help everyday)\n   add       Add file contents to the index\n   mv        Move or rename a file, a directory, or a symlink\n   restore   Restore working tree files\n   rm        Remove files from the working tree and from the index\n\nexamine the history and state (see also: git help revisions)\n   bisect    Use binary search to find the commit that introduced a bug\n   diff      Show changes between commits, commit and working tree, etc\n   grep      Print lines matching a pattern\n   log       Show commit logs\n   show      Show various types of objects\n   status    Show the working tree status\n\ngrow, mark and tweak your common history\n   branch    List, create, or delete branches\n   commit    Record changes to the repository\n   merge     Join two or more development histories together\n   rebase    Reapply commits on top of another base tip\n   reset     Reset current HEAD to the specified state\n   switch    Switch branches\n   tag       Create, list, delete or verify a tag object signed with GPG\n\ncollaborate (see also: git help workflows)\n   fetch     Download objects and refs from another repository\n   pull      Fetch from and integrate with another repository or a local branch\n   push      Update remote refs along with associated objects\n\n'git help -a' and 'git help -g' list available subcommands and some\nconcept guides. See 'git help <command>' or 'git help <concept>'\nto read about a specific subcommand or concept.\nSee 'git help git' for an overview of the system.\n""
[0m17:28:15.963078 [debug] [MainThread]: STDERR: "b''"
[0m17:28:15.971809 [debug] [MainThread]: Acquiring new bigquery connection "debug"
[0m17:28:15.972801 [debug] [MainThread]: Opening a new connection, currently in state init
[0m17:28:15.973375 [debug] [MainThread]: BigQuery adapter: Got an error when attempting to create a bigquery client: ''NoneType' object has no attribute 'keys''
[0m17:28:15.974479 [debug] [MainThread]: Sending event: {'category': 'dbt', 'action': 'invocation', 'label': 'end', 'context': [<snowplow_tracker.self_describing_json.SelfDescribingJson object at 0x107a8dcd0>, <snowplow_tracker.self_describing_json.SelfDescribingJson object at 0x107a2f190>, <snowplow_tracker.self_describing_json.SelfDescribingJson object at 0x107a2f820>]}
[0m17:28:18.379874 [debug] [MainThread]: Connection 'debug' was properly closed.


============================== 2022-08-16 17:30:07.024908 | 97b49bd2-647e-4718-bf1a-2fb2fc8cd19c ==============================
[0m17:30:07.024921 [info ] [MainThread]: Running with dbt=1.2.0
[0m17:30:07.025368 [debug] [MainThread]: running dbt with arguments {'write_json': True, 'use_colors': True, 'printer_width': 80, 'version_check': True, 'partial_parse': True, 'static_parser': True, 'profiles_dir': '/Users/nvora/.dbt', 'send_anonymous_usage_stats': True, 'event_buffer_size': 100000, 'quiet': False, 'no_print': False, 'config_dir': False, 'which': 'debug', 'indirect_selection': 'eager'}
[0m17:30:07.025562 [debug] [MainThread]: Tracking: tracking
[0m17:30:07.036191 [debug] [MainThread]: Sending event: {'category': 'dbt', 'action': 'invocation', 'label': 'start', 'context': [<snowplow_tracker.self_describing_json.SelfDescribingJson object at 0x10dfa0eb0>, <snowplow_tracker.self_describing_json.SelfDescribingJson object at 0x10dfa0c70>, <snowplow_tracker.self_describing_json.SelfDescribingJson object at 0x10dfa0d60>]}
[0m17:30:07.268152 [debug] [MainThread]: Executing "git --help"
[0m17:30:07.278862 [debug] [MainThread]: STDOUT: "b"usage: git [-v | --version] [-h | --help] [-C <path>] [-c <name>=<value>]\n           [--exec-path[=<path>]] [--html-path] [--man-path] [--info-path]\n           [-p | --paginate | -P | --no-pager] [--no-replace-objects] [--bare]\n           [--git-dir=<path>] [--work-tree=<path>] [--namespace=<name>]\n           [--super-prefix=<path>] [--config-env=<name>=<envvar>]\n           <command> [<args>]\n\nThese are common Git commands used in various situations:\n\nstart a working area (see also: git help tutorial)\n   clone     Clone a repository into a new directory\n   init      Create an empty Git repository or reinitialize an existing one\n\nwork on the current change (see also: git help everyday)\n   add       Add file contents to the index\n   mv        Move or rename a file, a directory, or a symlink\n   restore   Restore working tree files\n   rm        Remove files from the working tree and from the index\n\nexamine the history and state (see also: git help revisions)\n   bisect    Use binary search to find the commit that introduced a bug\n   diff      Show changes between commits, commit and working tree, etc\n   grep      Print lines matching a pattern\n   log       Show commit logs\n   show      Show various types of objects\n   status    Show the working tree status\n\ngrow, mark and tweak your common history\n   branch    List, create, or delete branches\n   commit    Record changes to the repository\n   merge     Join two or more development histories together\n   rebase    Reapply commits on top of another base tip\n   reset     Reset current HEAD to the specified state\n   switch    Switch branches\n   tag       Create, list, delete or verify a tag object signed with GPG\n\ncollaborate (see also: git help workflows)\n   fetch     Download objects and refs from another repository\n   pull      Fetch from and integrate with another repository or a local branch\n   push      Update remote refs along with associated objects\n\n'git help -a' and 'git help -g' list available subcommands and some\nconcept guides. See 'git help <command>' or 'git help <concept>'\nto read about a specific subcommand or concept.\nSee 'git help git' for an overview of the system.\n""
[0m17:30:07.279690 [debug] [MainThread]: STDERR: "b''"
[0m17:30:07.286514 [debug] [MainThread]: Acquiring new bigquery connection "debug"
[0m17:30:07.287626 [debug] [MainThread]: Opening a new connection, currently in state init
[0m17:30:07.288074 [debug] [MainThread]: BigQuery adapter: Got an error when attempting to create a bigquery client: 'expected str, bytes or os.PathLike object, not NoneType'
[0m17:30:07.289287 [debug] [MainThread]: Sending event: {'category': 'dbt', 'action': 'invocation', 'label': 'end', 'context': [<snowplow_tracker.self_describing_json.SelfDescribingJson object at 0x10fd3dfd0>, <snowplow_tracker.self_describing_json.SelfDescribingJson object at 0x10fcdf580>, <snowplow_tracker.self_describing_json.SelfDescribingJson object at 0x10fcdf850>]}
[0m17:30:07.931269 [debug] [MainThread]: Connection 'debug' was properly closed.


============================== 2022-08-16 19:38:53.613370 | 7ecd3c17-ae66-432f-b411-c6e2df60e4f4 ==============================
[0m19:38:53.613386 [info ] [MainThread]: Running with dbt=1.2.0
[0m19:38:53.614721 [debug] [MainThread]: running dbt with arguments {'write_json': True, 'use_colors': True, 'printer_width': 80, 'version_check': True, 'partial_parse': True, 'static_parser': True, 'profiles_dir': '/Users/nvora/.dbt', 'send_anonymous_usage_stats': True, 'event_buffer_size': 100000, 'quiet': False, 'no_print': False, 'config_dir': False, 'which': 'debug', 'indirect_selection': 'eager'}
[0m19:38:53.614923 [debug] [MainThread]: Tracking: tracking
[0m19:38:53.626096 [debug] [MainThread]: Sending event: {'category': 'dbt', 'action': 'invocation', 'label': 'start', 'context': [<snowplow_tracker.self_describing_json.SelfDescribingJson object at 0x10c9eeeb0>, <snowplow_tracker.self_describing_json.SelfDescribingJson object at 0x10c9eec70>, <snowplow_tracker.self_describing_json.SelfDescribingJson object at 0x10c9eed60>]}
[0m19:38:54.046758 [debug] [MainThread]: Executing "git --help"
[0m19:38:54.083258 [debug] [MainThread]: STDOUT: "b"usage: git [-v | --version] [-h | --help] [-C <path>] [-c <name>=<value>]\n           [--exec-path[=<path>]] [--html-path] [--man-path] [--info-path]\n           [-p | --paginate | -P | --no-pager] [--no-replace-objects] [--bare]\n           [--git-dir=<path>] [--work-tree=<path>] [--namespace=<name>]\n           [--super-prefix=<path>] [--config-env=<name>=<envvar>]\n           <command> [<args>]\n\nThese are common Git commands used in various situations:\n\nstart a working area (see also: git help tutorial)\n   clone     Clone a repository into a new directory\n   init      Create an empty Git repository or reinitialize an existing one\n\nwork on the current change (see also: git help everyday)\n   add       Add file contents to the index\n   mv        Move or rename a file, a directory, or a symlink\n   restore   Restore working tree files\n   rm        Remove files from the working tree and from the index\n\nexamine the history and state (see also: git help revisions)\n   bisect    Use binary search to find the commit that introduced a bug\n   diff      Show changes between commits, commit and working tree, etc\n   grep      Print lines matching a pattern\n   log       Show commit logs\n   show      Show various types of objects\n   status    Show the working tree status\n\ngrow, mark and tweak your common history\n   branch    List, create, or delete branches\n   commit    Record changes to the repository\n   merge     Join two or more development histories together\n   rebase    Reapply commits on top of another base tip\n   reset     Reset current HEAD to the specified state\n   switch    Switch branches\n   tag       Create, list, delete or verify a tag object signed with GPG\n\ncollaborate (see also: git help workflows)\n   fetch     Download objects and refs from another repository\n   pull      Fetch from and integrate with another repository or a local branch\n   push      Update remote refs along with associated objects\n\n'git help -a' and 'git help -g' list available subcommands and some\nconcept guides. See 'git help <command>' or 'git help <concept>'\nto read about a specific subcommand or concept.\nSee 'git help git' for an overview of the system.\n""
[0m19:38:54.084648 [debug] [MainThread]: STDERR: "b''"
[0m19:38:54.093855 [debug] [MainThread]: Acquiring new bigquery connection "debug"
[0m19:38:54.095087 [debug] [MainThread]: Opening a new connection, currently in state init
[0m19:38:54.102795 [debug] [MainThread]: BigQuery adapter: Got an error when attempting to create a bigquery client: 'Runtime Error
  
  dbt encountered an error while trying to read your profiles.yml file.
  
  Could not automatically determine credentials. Please set GOOGLE_APPLICATION_CREDENTIALS or explicitly create credentials and re-run the application. For more information, please see https://cloud.google.com/docs/authentication/getting-started
  '
[0m19:38:54.103617 [debug] [MainThread]: Sending event: {'category': 'dbt', 'action': 'invocation', 'label': 'end', 'context': [<snowplow_tracker.self_describing_json.SelfDescribingJson object at 0x10e66df10>, <snowplow_tracker.self_describing_json.SelfDescribingJson object at 0x10e60e460>, <snowplow_tracker.self_describing_json.SelfDescribingJson object at 0x10e60e1c0>]}
[0m19:38:56.478727 [debug] [MainThread]: Connection 'debug' was properly closed.


============================== 2022-08-16 19:40:41.585613 | 3642847e-cfb6-4dee-b62e-e703eab60177 ==============================
[0m19:40:41.585625 [info ] [MainThread]: Running with dbt=1.2.0
[0m19:40:41.585992 [debug] [MainThread]: running dbt with arguments {'write_json': True, 'use_colors': True, 'printer_width': 80, 'version_check': True, 'partial_parse': True, 'static_parser': True, 'profiles_dir': '/Users/nvora/.dbt', 'send_anonymous_usage_stats': True, 'event_buffer_size': 100000, 'quiet': False, 'no_print': False, 'config_dir': False, 'which': 'debug', 'indirect_selection': 'eager'}
[0m19:40:41.586156 [debug] [MainThread]: Tracking: tracking
[0m19:40:41.596821 [debug] [MainThread]: Sending event: {'category': 'dbt', 'action': 'invocation', 'label': 'start', 'context': [<snowplow_tracker.self_describing_json.SelfDescribingJson object at 0x11156ef40>, <snowplow_tracker.self_describing_json.SelfDescribingJson object at 0x11156ed00>, <snowplow_tracker.self_describing_json.SelfDescribingJson object at 0x11156edf0>]}
[0m19:40:41.823866 [debug] [MainThread]: Executing "git --help"
[0m19:40:41.835268 [debug] [MainThread]: STDOUT: "b"usage: git [-v | --version] [-h | --help] [-C <path>] [-c <name>=<value>]\n           [--exec-path[=<path>]] [--html-path] [--man-path] [--info-path]\n           [-p | --paginate | -P | --no-pager] [--no-replace-objects] [--bare]\n           [--git-dir=<path>] [--work-tree=<path>] [--namespace=<name>]\n           [--super-prefix=<path>] [--config-env=<name>=<envvar>]\n           <command> [<args>]\n\nThese are common Git commands used in various situations:\n\nstart a working area (see also: git help tutorial)\n   clone     Clone a repository into a new directory\n   init      Create an empty Git repository or reinitialize an existing one\n\nwork on the current change (see also: git help everyday)\n   add       Add file contents to the index\n   mv        Move or rename a file, a directory, or a symlink\n   restore   Restore working tree files\n   rm        Remove files from the working tree and from the index\n\nexamine the history and state (see also: git help revisions)\n   bisect    Use binary search to find the commit that introduced a bug\n   diff      Show changes between commits, commit and working tree, etc\n   grep      Print lines matching a pattern\n   log       Show commit logs\n   show      Show various types of objects\n   status    Show the working tree status\n\ngrow, mark and tweak your common history\n   branch    List, create, or delete branches\n   commit    Record changes to the repository\n   merge     Join two or more development histories together\n   rebase    Reapply commits on top of another base tip\n   reset     Reset current HEAD to the specified state\n   switch    Switch branches\n   tag       Create, list, delete or verify a tag object signed with GPG\n\ncollaborate (see also: git help workflows)\n   fetch     Download objects and refs from another repository\n   pull      Fetch from and integrate with another repository or a local branch\n   push      Update remote refs along with associated objects\n\n'git help -a' and 'git help -g' list available subcommands and some\nconcept guides. See 'git help <command>' or 'git help <concept>'\nto read about a specific subcommand or concept.\nSee 'git help git' for an overview of the system.\n""
[0m19:40:41.836139 [debug] [MainThread]: STDERR: "b''"
[0m19:40:41.843177 [debug] [MainThread]: Acquiring new bigquery connection "debug"
[0m19:40:41.844411 [debug] [MainThread]: Opening a new connection, currently in state init
[0m19:40:41.850374 [debug] [MainThread]: BigQuery adapter: Got an error when attempting to create a bigquery client: 'Runtime Error
  
  dbt encountered an error while trying to read your profiles.yml file.
  
  Could not automatically determine credentials. Please set GOOGLE_APPLICATION_CREDENTIALS or explicitly create credentials and re-run the application. For more information, please see https://cloud.google.com/docs/authentication/getting-started
  '
[0m19:40:41.851239 [debug] [MainThread]: Sending event: {'category': 'dbt', 'action': 'invocation', 'label': 'end', 'context': [<snowplow_tracker.self_describing_json.SelfDescribingJson object at 0x1131e9f70>, <snowplow_tracker.self_describing_json.SelfDescribingJson object at 0x11314b1c0>, <snowplow_tracker.self_describing_json.SelfDescribingJson object at 0x11314b550>]}
[0m19:40:44.288567 [debug] [MainThread]: Connection 'debug' was properly closed.


============================== 2022-08-16 19:40:54.020357 | c297de42-b74b-4c82-9328-7c9b48575e49 ==============================
[0m19:40:54.020449 [info ] [MainThread]: Running with dbt=1.2.0
[0m19:40:54.021823 [debug] [MainThread]: running dbt with arguments {'write_json': True, 'use_colors': True, 'printer_width': 80, 'version_check': True, 'partial_parse': True, 'static_parser': True, 'profiles_dir': '/Users/nvora/.dbt', 'send_anonymous_usage_stats': True, 'event_buffer_size': 100000, 'quiet': False, 'no_print': False, 'which': 'run', 'rpc_method': 'run', 'indirect_selection': 'eager'}
[0m19:40:54.022072 [debug] [MainThread]: Tracking: tracking
[0m19:40:54.037114 [debug] [MainThread]: Sending event: {'category': 'dbt', 'action': 'invocation', 'label': 'start', 'context': [<snowplow_tracker.self_describing_json.SelfDescribingJson object at 0x10c68a430>, <snowplow_tracker.self_describing_json.SelfDescribingJson object at 0x10c692100>, <snowplow_tracker.self_describing_json.SelfDescribingJson object at 0x10c6920a0>]}
[0m19:40:54.054443 [info ] [MainThread]: Partial parse save file not found. Starting full parse.
[0m19:40:54.054818 [debug] [MainThread]: Sending event: {'category': 'dbt', 'action': 'partial_parser', 'label': 'c297de42-b74b-4c82-9328-7c9b48575e49', 'context': [<snowplow_tracker.self_describing_json.SelfDescribingJson object at 0x10c6921c0>]}
[0m19:40:54.115492 [debug] [MainThread]: Parsing macros/etc.sql
[0m19:40:54.125145 [debug] [MainThread]: Parsing macros/catalog.sql
[0m19:40:54.131704 [debug] [MainThread]: Parsing macros/adapters.sql
[0m19:40:54.157754 [debug] [MainThread]: Parsing macros/materializations/seed.sql
[0m19:40:54.160601 [debug] [MainThread]: Parsing macros/materializations/view.sql
[0m19:40:54.163563 [debug] [MainThread]: Parsing macros/materializations/table.sql
[0m19:40:54.168305 [debug] [MainThread]: Parsing macros/materializations/copy.sql
[0m19:40:54.171401 [debug] [MainThread]: Parsing macros/materializations/incremental.sql
[0m19:40:54.188892 [debug] [MainThread]: Parsing macros/materializations/snapshot.sql
[0m19:40:54.190739 [debug] [MainThread]: Parsing macros/utils/except.sql
[0m19:40:54.191128 [debug] [MainThread]: Parsing macros/utils/dateadd.sql
[0m19:40:54.191755 [debug] [MainThread]: Parsing macros/utils/intersect.sql
[0m19:40:54.192111 [debug] [MainThread]: Parsing macros/utils/escape_single_quotes.sql
[0m19:40:54.192712 [debug] [MainThread]: Parsing macros/utils/right.sql
[0m19:40:54.193349 [debug] [MainThread]: Parsing macros/utils/listagg.sql
[0m19:40:54.194340 [debug] [MainThread]: Parsing macros/utils/datediff.sql
[0m19:40:54.195622 [debug] [MainThread]: Parsing macros/utils/safe_cast.sql
[0m19:40:54.196133 [debug] [MainThread]: Parsing macros/utils/hash.sql
[0m19:40:54.196631 [debug] [MainThread]: Parsing macros/utils/position.sql
[0m19:40:54.197162 [debug] [MainThread]: Parsing macros/utils/bool_or.sql
[0m19:40:54.197602 [debug] [MainThread]: Parsing macros/utils/split_part.sql
[0m19:40:54.198925 [debug] [MainThread]: Parsing macros/utils/date_trunc.sql
[0m19:40:54.199438 [debug] [MainThread]: Parsing macros/adapters/apply_grants.sql
[0m19:40:54.202073 [debug] [MainThread]: Parsing macros/materializations/hooks.sql
[0m19:40:54.206219 [debug] [MainThread]: Parsing macros/materializations/configs.sql
[0m19:40:54.208603 [debug] [MainThread]: Parsing macros/materializations/snapshots/snapshot_merge.sql
[0m19:40:54.210233 [debug] [MainThread]: Parsing macros/materializations/snapshots/strategies.sql
[0m19:40:54.228211 [debug] [MainThread]: Parsing macros/materializations/snapshots/helpers.sql
[0m19:40:54.241796 [debug] [MainThread]: Parsing macros/materializations/snapshots/snapshot.sql
[0m19:40:54.255407 [debug] [MainThread]: Parsing macros/materializations/tests/test.sql
[0m19:40:54.260291 [debug] [MainThread]: Parsing macros/materializations/tests/helpers.sql
[0m19:40:54.262152 [debug] [MainThread]: Parsing macros/materializations/tests/where_subquery.sql
[0m19:40:54.263991 [debug] [MainThread]: Parsing macros/materializations/models/incremental/column_helpers.sql
[0m19:40:54.268629 [debug] [MainThread]: Parsing macros/materializations/models/incremental/merge.sql
[0m19:40:54.286320 [debug] [MainThread]: Parsing macros/materializations/models/incremental/is_incremental.sql
[0m19:40:54.288076 [debug] [MainThread]: Parsing macros/materializations/models/incremental/incremental.sql
[0m19:40:54.298094 [debug] [MainThread]: Parsing macros/materializations/models/incremental/on_schema_change.sql
[0m19:40:54.314385 [debug] [MainThread]: Parsing macros/materializations/models/table/table.sql
[0m19:40:54.320073 [debug] [MainThread]: Parsing macros/materializations/models/table/create_table_as.sql
[0m19:40:54.323401 [debug] [MainThread]: Parsing macros/materializations/models/view/view.sql
[0m19:40:54.329154 [debug] [MainThread]: Parsing macros/materializations/models/view/helpers.sql
[0m19:40:54.330500 [debug] [MainThread]: Parsing macros/materializations/models/view/create_or_replace_view.sql
[0m19:40:54.334240 [debug] [MainThread]: Parsing macros/materializations/models/view/create_view_as.sql
[0m19:40:54.336650 [debug] [MainThread]: Parsing macros/materializations/seeds/seed.sql
[0m19:40:54.344967 [debug] [MainThread]: Parsing macros/materializations/seeds/helpers.sql
[0m19:40:54.364598 [debug] [MainThread]: Parsing macros/get_custom_name/get_custom_alias.sql
[0m19:40:54.366289 [debug] [MainThread]: Parsing macros/get_custom_name/get_custom_schema.sql
[0m19:40:54.368832 [debug] [MainThread]: Parsing macros/get_custom_name/get_custom_database.sql
[0m19:40:54.370481 [debug] [MainThread]: Parsing macros/generic_test_sql/relationships.sql
[0m19:40:54.371503 [debug] [MainThread]: Parsing macros/generic_test_sql/not_null.sql
[0m19:40:54.372314 [debug] [MainThread]: Parsing macros/generic_test_sql/unique.sql
[0m19:40:54.372977 [debug] [MainThread]: Parsing macros/generic_test_sql/accepted_values.sql
[0m19:40:54.374611 [debug] [MainThread]: Parsing macros/etc/statement.sql
[0m19:40:54.379944 [debug] [MainThread]: Parsing macros/etc/datetime.sql
[0m19:40:54.389844 [debug] [MainThread]: Parsing macros/utils/except.sql
[0m19:40:54.390826 [debug] [MainThread]: Parsing macros/utils/replace.sql
[0m19:40:54.392093 [debug] [MainThread]: Parsing macros/utils/concat.sql
[0m19:40:54.393303 [debug] [MainThread]: Parsing macros/utils/length.sql
[0m19:40:54.394295 [debug] [MainThread]: Parsing macros/utils/dateadd.sql
[0m19:40:54.395587 [debug] [MainThread]: Parsing macros/utils/intersect.sql
[0m19:40:54.396424 [debug] [MainThread]: Parsing macros/utils/escape_single_quotes.sql
[0m19:40:54.397588 [debug] [MainThread]: Parsing macros/utils/right.sql
[0m19:40:54.398799 [debug] [MainThread]: Parsing macros/utils/listagg.sql
[0m19:40:54.401157 [debug] [MainThread]: Parsing macros/utils/datediff.sql
[0m19:40:54.402423 [debug] [MainThread]: Parsing macros/utils/safe_cast.sql
[0m19:40:54.404040 [debug] [MainThread]: Parsing macros/utils/hash.sql
[0m19:40:54.405154 [debug] [MainThread]: Parsing macros/utils/cast_bool_to_text.sql
[0m19:40:54.406301 [debug] [MainThread]: Parsing macros/utils/any_value.sql
[0m19:40:54.407258 [debug] [MainThread]: Parsing macros/utils/position.sql
[0m19:40:54.408344 [debug] [MainThread]: Parsing macros/utils/literal.sql
[0m19:40:54.409378 [debug] [MainThread]: Parsing macros/utils/data_types.sql
[0m19:40:54.416169 [debug] [MainThread]: Parsing macros/utils/bool_or.sql
[0m19:40:54.417416 [debug] [MainThread]: Parsing macros/utils/last_day.sql
[0m19:40:54.419343 [debug] [MainThread]: Parsing macros/utils/split_part.sql
[0m19:40:54.421447 [debug] [MainThread]: Parsing macros/utils/date_trunc.sql
[0m19:40:54.422567 [debug] [MainThread]: Parsing macros/adapters/schema.sql
[0m19:40:54.424734 [debug] [MainThread]: Parsing macros/adapters/indexes.sql
[0m19:40:54.427870 [debug] [MainThread]: Parsing macros/adapters/relation.sql
[0m19:40:54.443378 [debug] [MainThread]: Parsing macros/adapters/freshness.sql
[0m19:40:54.446458 [debug] [MainThread]: Parsing macros/adapters/apply_grants.sql
[0m19:40:54.461173 [debug] [MainThread]: Parsing macros/adapters/persist_docs.sql
[0m19:40:54.465864 [debug] [MainThread]: Parsing macros/adapters/metadata.sql
[0m19:40:54.473554 [debug] [MainThread]: Parsing macros/adapters/columns.sql
[0m19:40:54.484064 [debug] [MainThread]: Parsing tests/generic/builtin.sql
[0m19:40:54.763036 [debug] [MainThread]: 1699: static parser successfully parsed example/my_first_dbt_model.sql
[0m19:40:54.776202 [debug] [MainThread]: 1699: static parser successfully parsed example/my_second_dbt_model.sql
[0m19:40:54.884533 [debug] [MainThread]: Sending event: {'category': 'dbt', 'action': 'load_project', 'label': 'c297de42-b74b-4c82-9328-7c9b48575e49', 'context': [<snowplow_tracker.self_describing_json.SelfDescribingJson object at 0x10c6d1c70>]}
[0m19:40:54.891819 [debug] [MainThread]: Sending event: {'category': 'dbt', 'action': 'resource_counts', 'label': 'c297de42-b74b-4c82-9328-7c9b48575e49', 'context': [<snowplow_tracker.self_describing_json.SelfDescribingJson object at 0x10c7955e0>]}
[0m19:40:54.892125 [info ] [MainThread]: Found 2 models, 4 tests, 0 snapshots, 0 analyses, 285 macros, 0 operations, 0 seed files, 0 sources, 0 exposures, 0 metrics
[0m19:40:54.892355 [debug] [MainThread]: Sending event: {'category': 'dbt', 'action': 'runnable_timing', 'label': 'c297de42-b74b-4c82-9328-7c9b48575e49', 'context': [<snowplow_tracker.self_describing_json.SelfDescribingJson object at 0x10c6d12e0>]}
[0m19:40:54.893565 [info ] [MainThread]: 
[0m19:40:54.894076 [debug] [MainThread]: Acquiring new bigquery connection "master"
[0m19:40:54.894977 [debug] [ThreadPool]: Acquiring new bigquery connection "list_dbt-technical-training"
[0m19:40:54.895151 [debug] [ThreadPool]: Opening a new connection, currently in state init
[0m19:40:54.899404 [debug] [ThreadPool]: BigQuery adapter: Got an error when attempting to create a bigquery client: 'Runtime Error
  
  dbt encountered an error while trying to read your profiles.yml file.
  
  Could not automatically determine credentials. Please set GOOGLE_APPLICATION_CREDENTIALS or explicitly create credentials and re-run the application. For more information, please see https://cloud.google.com/docs/authentication/getting-started
  '
[0m19:40:54.900303 [debug] [MainThread]: Connection 'master' was properly closed.
[0m19:40:54.900460 [debug] [MainThread]: Connection 'list_dbt-technical-training' was properly closed.
[0m19:40:54.900865 [debug] [MainThread]: Sending event: {'category': 'dbt', 'action': 'invocation', 'label': 'end', 'context': [<snowplow_tracker.self_describing_json.SelfDescribingJson object at 0x10c7ec9a0>, <snowplow_tracker.self_describing_json.SelfDescribingJson object at 0x10c6e0df0>, <snowplow_tracker.self_describing_json.SelfDescribingJson object at 0x10c6e0ca0>]}


============================== 2022-08-16 19:50:01.010349 | 88afba79-6923-4dcc-b8b4-9044093e87cd ==============================
[0m19:50:01.010368 [info ] [MainThread]: Running with dbt=1.2.0
[0m19:50:01.011986 [debug] [MainThread]: running dbt with arguments {'write_json': True, 'use_colors': True, 'printer_width': 80, 'version_check': True, 'partial_parse': True, 'static_parser': True, 'profiles_dir': '/Users/nvora/.dbt', 'send_anonymous_usage_stats': True, 'event_buffer_size': 100000, 'quiet': False, 'no_print': False, 'config_dir': False, 'which': 'debug', 'indirect_selection': 'eager'}
[0m19:50:01.012314 [debug] [MainThread]: Tracking: tracking
[0m19:50:01.023098 [debug] [MainThread]: Sending event: {'category': 'dbt', 'action': 'invocation', 'label': 'start', 'context': [<snowplow_tracker.self_describing_json.SelfDescribingJson object at 0x10a54cf40>, <snowplow_tracker.self_describing_json.SelfDescribingJson object at 0x10a54cd00>, <snowplow_tracker.self_describing_json.SelfDescribingJson object at 0x10a54cdf0>]}
[0m19:50:01.394400 [debug] [MainThread]: Executing "git --help"
[0m19:50:01.426234 [debug] [MainThread]: STDOUT: "b"usage: git [-v | --version] [-h | --help] [-C <path>] [-c <name>=<value>]\n           [--exec-path[=<path>]] [--html-path] [--man-path] [--info-path]\n           [-p | --paginate | -P | --no-pager] [--no-replace-objects] [--bare]\n           [--git-dir=<path>] [--work-tree=<path>] [--namespace=<name>]\n           [--super-prefix=<path>] [--config-env=<name>=<envvar>]\n           <command> [<args>]\n\nThese are common Git commands used in various situations:\n\nstart a working area (see also: git help tutorial)\n   clone     Clone a repository into a new directory\n   init      Create an empty Git repository or reinitialize an existing one\n\nwork on the current change (see also: git help everyday)\n   add       Add file contents to the index\n   mv        Move or rename a file, a directory, or a symlink\n   restore   Restore working tree files\n   rm        Remove files from the working tree and from the index\n\nexamine the history and state (see also: git help revisions)\n   bisect    Use binary search to find the commit that introduced a bug\n   diff      Show changes between commits, commit and working tree, etc\n   grep      Print lines matching a pattern\n   log       Show commit logs\n   show      Show various types of objects\n   status    Show the working tree status\n\ngrow, mark and tweak your common history\n   branch    List, create, or delete branches\n   commit    Record changes to the repository\n   merge     Join two or more development histories together\n   rebase    Reapply commits on top of another base tip\n   reset     Reset current HEAD to the specified state\n   switch    Switch branches\n   tag       Create, list, delete or verify a tag object signed with GPG\n\ncollaborate (see also: git help workflows)\n   fetch     Download objects and refs from another repository\n   pull      Fetch from and integrate with another repository or a local branch\n   push      Update remote refs along with associated objects\n\n'git help -a' and 'git help -g' list available subcommands and some\nconcept guides. See 'git help <command>' or 'git help <concept>'\nto read about a specific subcommand or concept.\nSee 'git help git' for an overview of the system.\n""
[0m19:50:01.427266 [debug] [MainThread]: STDERR: "b''"
[0m19:50:01.436302 [debug] [MainThread]: Acquiring new bigquery connection "debug"
[0m19:50:01.437213 [debug] [MainThread]: Opening a new connection, currently in state init
[0m19:50:01.445465 [debug] [MainThread]: BigQuery adapter: Got an error when attempting to create a bigquery client: 'Runtime Error
  
  dbt encountered an error while trying to read your profiles.yml file.
  
  Could not automatically determine credentials. Please set GOOGLE_APPLICATION_CREDENTIALS or explicitly create credentials and re-run the application. For more information, please see https://cloud.google.com/docs/authentication/getting-started
  '
[0m19:50:01.446548 [debug] [MainThread]: Sending event: {'category': 'dbt', 'action': 'invocation', 'label': 'end', 'context': [<snowplow_tracker.self_describing_json.SelfDescribingJson object at 0x10c1c7f10>, <snowplow_tracker.self_describing_json.SelfDescribingJson object at 0x10c127400>, <snowplow_tracker.self_describing_json.SelfDescribingJson object at 0x10c1274f0>]}
[0m19:50:03.938611 [debug] [MainThread]: Connection 'debug' was properly closed.


============================== 2022-08-16 19:51:25.297728 | 79ab56c7-b236-49a7-a9a9-85c4400d6ba0 ==============================
[0m19:51:25.297742 [info ] [MainThread]: Running with dbt=1.2.0
[0m19:51:25.298136 [debug] [MainThread]: running dbt with arguments {'write_json': True, 'use_colors': True, 'printer_width': 80, 'version_check': True, 'partial_parse': True, 'static_parser': True, 'profiles_dir': '/Users/nvora/.dbt', 'send_anonymous_usage_stats': True, 'event_buffer_size': 100000, 'quiet': False, 'no_print': False, 'config_dir': False, 'which': 'debug', 'indirect_selection': 'eager'}
[0m19:51:25.298284 [debug] [MainThread]: Tracking: tracking
[0m19:51:25.308701 [debug] [MainThread]: Sending event: {'category': 'dbt', 'action': 'invocation', 'label': 'start', 'context': [<snowplow_tracker.self_describing_json.SelfDescribingJson object at 0x1099abeb0>, <snowplow_tracker.self_describing_json.SelfDescribingJson object at 0x1099abc70>, <snowplow_tracker.self_describing_json.SelfDescribingJson object at 0x1099abd60>]}
[0m19:51:25.541223 [debug] [MainThread]: Executing "git --help"
[0m19:51:25.553026 [debug] [MainThread]: STDOUT: "b"usage: git [-v | --version] [-h | --help] [-C <path>] [-c <name>=<value>]\n           [--exec-path[=<path>]] [--html-path] [--man-path] [--info-path]\n           [-p | --paginate | -P | --no-pager] [--no-replace-objects] [--bare]\n           [--git-dir=<path>] [--work-tree=<path>] [--namespace=<name>]\n           [--super-prefix=<path>] [--config-env=<name>=<envvar>]\n           <command> [<args>]\n\nThese are common Git commands used in various situations:\n\nstart a working area (see also: git help tutorial)\n   clone     Clone a repository into a new directory\n   init      Create an empty Git repository or reinitialize an existing one\n\nwork on the current change (see also: git help everyday)\n   add       Add file contents to the index\n   mv        Move or rename a file, a directory, or a symlink\n   restore   Restore working tree files\n   rm        Remove files from the working tree and from the index\n\nexamine the history and state (see also: git help revisions)\n   bisect    Use binary search to find the commit that introduced a bug\n   diff      Show changes between commits, commit and working tree, etc\n   grep      Print lines matching a pattern\n   log       Show commit logs\n   show      Show various types of objects\n   status    Show the working tree status\n\ngrow, mark and tweak your common history\n   branch    List, create, or delete branches\n   commit    Record changes to the repository\n   merge     Join two or more development histories together\n   rebase    Reapply commits on top of another base tip\n   reset     Reset current HEAD to the specified state\n   switch    Switch branches\n   tag       Create, list, delete or verify a tag object signed with GPG\n\ncollaborate (see also: git help workflows)\n   fetch     Download objects and refs from another repository\n   pull      Fetch from and integrate with another repository or a local branch\n   push      Update remote refs along with associated objects\n\n'git help -a' and 'git help -g' list available subcommands and some\nconcept guides. See 'git help <command>' or 'git help <concept>'\nto read about a specific subcommand or concept.\nSee 'git help git' for an overview of the system.\n""
[0m19:51:25.553960 [debug] [MainThread]: STDERR: "b''"
[0m19:51:25.560826 [debug] [MainThread]: Acquiring new bigquery connection "debug"
[0m19:51:25.561843 [debug] [MainThread]: Opening a new connection, currently in state init
[0m19:51:25.567901 [debug] [MainThread]: BigQuery adapter: Got an error when attempting to create a bigquery client: 'Runtime Error
  
  dbt encountered an error while trying to read your profiles.yml file.
  
  Could not automatically determine credentials. Please set GOOGLE_APPLICATION_CREDENTIALS or explicitly create credentials and re-run the application. For more information, please see https://cloud.google.com/docs/authentication/getting-started
  '
[0m19:51:25.568612 [debug] [MainThread]: Sending event: {'category': 'dbt', 'action': 'invocation', 'label': 'end', 'context': [<snowplow_tracker.self_describing_json.SelfDescribingJson object at 0x10b62bfd0>, <snowplow_tracker.self_describing_json.SelfDescribingJson object at 0x10b5ca460>, <snowplow_tracker.self_describing_json.SelfDescribingJson object at 0x10b5ca1c0>]}
[0m19:51:26.917987 [debug] [MainThread]: Connection 'debug' was properly closed.


============================== 2022-08-16 19:52:12.989078 | 381c64ea-0f42-4e62-bfdf-9e0497a89bcb ==============================
[0m19:52:12.989090 [info ] [MainThread]: Running with dbt=1.2.0
[0m19:52:12.989559 [debug] [MainThread]: running dbt with arguments {'write_json': True, 'use_colors': True, 'printer_width': 80, 'version_check': True, 'partial_parse': True, 'static_parser': True, 'profiles_dir': '/Users/nvora/.dbt', 'send_anonymous_usage_stats': True, 'event_buffer_size': 100000, 'quiet': False, 'no_print': False, 'config_dir': False, 'which': 'debug', 'indirect_selection': 'eager'}
[0m19:52:12.989759 [debug] [MainThread]: Tracking: tracking
[0m19:52:13.001037 [debug] [MainThread]: Sending event: {'category': 'dbt', 'action': 'invocation', 'label': 'start', 'context': [<snowplow_tracker.self_describing_json.SelfDescribingJson object at 0x108840f10>, <snowplow_tracker.self_describing_json.SelfDescribingJson object at 0x108840d00>, <snowplow_tracker.self_describing_json.SelfDescribingJson object at 0x108840ca0>]}
[0m19:52:13.240283 [debug] [MainThread]: Executing "git --help"
[0m19:52:13.251753 [debug] [MainThread]: STDOUT: "b"usage: git [-v | --version] [-h | --help] [-C <path>] [-c <name>=<value>]\n           [--exec-path[=<path>]] [--html-path] [--man-path] [--info-path]\n           [-p | --paginate | -P | --no-pager] [--no-replace-objects] [--bare]\n           [--git-dir=<path>] [--work-tree=<path>] [--namespace=<name>]\n           [--super-prefix=<path>] [--config-env=<name>=<envvar>]\n           <command> [<args>]\n\nThese are common Git commands used in various situations:\n\nstart a working area (see also: git help tutorial)\n   clone     Clone a repository into a new directory\n   init      Create an empty Git repository or reinitialize an existing one\n\nwork on the current change (see also: git help everyday)\n   add       Add file contents to the index\n   mv        Move or rename a file, a directory, or a symlink\n   restore   Restore working tree files\n   rm        Remove files from the working tree and from the index\n\nexamine the history and state (see also: git help revisions)\n   bisect    Use binary search to find the commit that introduced a bug\n   diff      Show changes between commits, commit and working tree, etc\n   grep      Print lines matching a pattern\n   log       Show commit logs\n   show      Show various types of objects\n   status    Show the working tree status\n\ngrow, mark and tweak your common history\n   branch    List, create, or delete branches\n   commit    Record changes to the repository\n   merge     Join two or more development histories together\n   rebase    Reapply commits on top of another base tip\n   reset     Reset current HEAD to the specified state\n   switch    Switch branches\n   tag       Create, list, delete or verify a tag object signed with GPG\n\ncollaborate (see also: git help workflows)\n   fetch     Download objects and refs from another repository\n   pull      Fetch from and integrate with another repository or a local branch\n   push      Update remote refs along with associated objects\n\n'git help -a' and 'git help -g' list available subcommands and some\nconcept guides. See 'git help <command>' or 'git help <concept>'\nto read about a specific subcommand or concept.\nSee 'git help git' for an overview of the system.\n""
[0m19:52:13.252588 [debug] [MainThread]: STDERR: "b''"
[0m19:52:13.259812 [debug] [MainThread]: Acquiring new bigquery connection "debug"
[0m19:52:13.261030 [debug] [MainThread]: Opening a new connection, currently in state init
[0m19:52:13.267358 [debug] [MainThread]: BigQuery adapter: Got an error when attempting to create a bigquery client: 'Runtime Error
  
  dbt encountered an error while trying to read your profiles.yml file.
  
  Could not automatically determine credentials. Please set GOOGLE_APPLICATION_CREDENTIALS or explicitly create credentials and re-run the application. For more information, please see https://cloud.google.com/docs/authentication/getting-started
  '
[0m19:52:13.268130 [debug] [MainThread]: Sending event: {'category': 'dbt', 'action': 'invocation', 'label': 'end', 'context': [<snowplow_tracker.self_describing_json.SelfDescribingJson object at 0x10a58dfd0>, <snowplow_tracker.self_describing_json.SelfDescribingJson object at 0x10a53d8e0>, <snowplow_tracker.self_describing_json.SelfDescribingJson object at 0x10a53d490>]}
[0m19:52:14.587009 [debug] [MainThread]: Connection 'debug' was properly closed.


============================== 2022-08-16 19:55:44.033747 | 91bcb009-db07-415d-a800-422c40f43fea ==============================
[0m19:55:44.033759 [info ] [MainThread]: Running with dbt=1.2.0
[0m19:55:44.035483 [debug] [MainThread]: running dbt with arguments {'write_json': True, 'use_colors': True, 'printer_width': 80, 'version_check': True, 'partial_parse': True, 'static_parser': True, 'profiles_dir': '/Users/nvora/.dbt', 'send_anonymous_usage_stats': True, 'event_buffer_size': 100000, 'quiet': False, 'no_print': False, 'config_dir': False, 'which': 'debug', 'indirect_selection': 'eager'}
[0m19:55:44.035758 [debug] [MainThread]: Tracking: tracking
[0m19:55:44.046728 [debug] [MainThread]: Sending event: {'category': 'dbt', 'action': 'invocation', 'label': 'start', 'context': [<snowplow_tracker.self_describing_json.SelfDescribingJson object at 0x1085a9f40>, <snowplow_tracker.self_describing_json.SelfDescribingJson object at 0x1085a9d30>, <snowplow_tracker.self_describing_json.SelfDescribingJson object at 0x1085a9cd0>]}
[0m19:55:44.276217 [debug] [MainThread]: Executing "git --help"
[0m19:55:44.287311 [debug] [MainThread]: STDOUT: "b"usage: git [-v | --version] [-h | --help] [-C <path>] [-c <name>=<value>]\n           [--exec-path[=<path>]] [--html-path] [--man-path] [--info-path]\n           [-p | --paginate | -P | --no-pager] [--no-replace-objects] [--bare]\n           [--git-dir=<path>] [--work-tree=<path>] [--namespace=<name>]\n           [--super-prefix=<path>] [--config-env=<name>=<envvar>]\n           <command> [<args>]\n\nThese are common Git commands used in various situations:\n\nstart a working area (see also: git help tutorial)\n   clone     Clone a repository into a new directory\n   init      Create an empty Git repository or reinitialize an existing one\n\nwork on the current change (see also: git help everyday)\n   add       Add file contents to the index\n   mv        Move or rename a file, a directory, or a symlink\n   restore   Restore working tree files\n   rm        Remove files from the working tree and from the index\n\nexamine the history and state (see also: git help revisions)\n   bisect    Use binary search to find the commit that introduced a bug\n   diff      Show changes between commits, commit and working tree, etc\n   grep      Print lines matching a pattern\n   log       Show commit logs\n   show      Show various types of objects\n   status    Show the working tree status\n\ngrow, mark and tweak your common history\n   branch    List, create, or delete branches\n   commit    Record changes to the repository\n   merge     Join two or more development histories together\n   rebase    Reapply commits on top of another base tip\n   reset     Reset current HEAD to the specified state\n   switch    Switch branches\n   tag       Create, list, delete or verify a tag object signed with GPG\n\ncollaborate (see also: git help workflows)\n   fetch     Download objects and refs from another repository\n   pull      Fetch from and integrate with another repository or a local branch\n   push      Update remote refs along with associated objects\n\n'git help -a' and 'git help -g' list available subcommands and some\nconcept guides. See 'git help <command>' or 'git help <concept>'\nto read about a specific subcommand or concept.\nSee 'git help git' for an overview of the system.\n""
[0m19:55:44.288011 [debug] [MainThread]: STDERR: "b''"
[0m19:55:44.294546 [debug] [MainThread]: Acquiring new bigquery connection "debug"
[0m19:55:44.295619 [debug] [MainThread]: Opening a new connection, currently in state init
[0m19:55:44.301779 [debug] [MainThread]: BigQuery adapter: Got an error when attempting to create a bigquery client: 'Runtime Error
  
  dbt encountered an error while trying to read your profiles.yml file.
  
  Could not automatically determine credentials. Please set GOOGLE_APPLICATION_CREDENTIALS or explicitly create credentials and re-run the application. For more information, please see https://cloud.google.com/docs/authentication/getting-started
  '
[0m19:55:44.302539 [debug] [MainThread]: Sending event: {'category': 'dbt', 'action': 'invocation', 'label': 'end', 'context': [<snowplow_tracker.self_describing_json.SelfDescribingJson object at 0x10a1def70>, <snowplow_tracker.self_describing_json.SelfDescribingJson object at 0x10a2061c0>, <snowplow_tracker.self_describing_json.SelfDescribingJson object at 0x10a206550>]}
[0m19:55:46.802452 [debug] [MainThread]: Connection 'debug' was properly closed.


============================== 2022-08-16 19:57:29.595479 | 6c2d3d84-57fb-47b7-8205-91e143c7b04e ==============================
[0m19:57:29.595492 [info ] [MainThread]: Running with dbt=1.2.0
[0m19:57:29.595865 [debug] [MainThread]: running dbt with arguments {'write_json': True, 'use_colors': True, 'printer_width': 80, 'version_check': True, 'partial_parse': True, 'static_parser': True, 'profiles_dir': '/Users/nvora/.dbt', 'send_anonymous_usage_stats': True, 'event_buffer_size': 100000, 'quiet': False, 'no_print': False, 'config_dir': False, 'which': 'debug', 'indirect_selection': 'eager'}
[0m19:57:29.595986 [debug] [MainThread]: Tracking: tracking
[0m19:57:29.607317 [debug] [MainThread]: Sending event: {'category': 'dbt', 'action': 'invocation', 'label': 'start', 'context': [<snowplow_tracker.self_describing_json.SelfDescribingJson object at 0x109478eb0>, <snowplow_tracker.self_describing_json.SelfDescribingJson object at 0x109478ca0>, <snowplow_tracker.self_describing_json.SelfDescribingJson object at 0x109478d90>]}
[0m19:57:29.854864 [debug] [MainThread]: Executing "git --help"
[0m19:57:29.868457 [debug] [MainThread]: STDOUT: "b"usage: git [-v | --version] [-h | --help] [-C <path>] [-c <name>=<value>]\n           [--exec-path[=<path>]] [--html-path] [--man-path] [--info-path]\n           [-p | --paginate | -P | --no-pager] [--no-replace-objects] [--bare]\n           [--git-dir=<path>] [--work-tree=<path>] [--namespace=<name>]\n           [--super-prefix=<path>] [--config-env=<name>=<envvar>]\n           <command> [<args>]\n\nThese are common Git commands used in various situations:\n\nstart a working area (see also: git help tutorial)\n   clone     Clone a repository into a new directory\n   init      Create an empty Git repository or reinitialize an existing one\n\nwork on the current change (see also: git help everyday)\n   add       Add file contents to the index\n   mv        Move or rename a file, a directory, or a symlink\n   restore   Restore working tree files\n   rm        Remove files from the working tree and from the index\n\nexamine the history and state (see also: git help revisions)\n   bisect    Use binary search to find the commit that introduced a bug\n   diff      Show changes between commits, commit and working tree, etc\n   grep      Print lines matching a pattern\n   log       Show commit logs\n   show      Show various types of objects\n   status    Show the working tree status\n\ngrow, mark and tweak your common history\n   branch    List, create, or delete branches\n   commit    Record changes to the repository\n   merge     Join two or more development histories together\n   rebase    Reapply commits on top of another base tip\n   reset     Reset current HEAD to the specified state\n   switch    Switch branches\n   tag       Create, list, delete or verify a tag object signed with GPG\n\ncollaborate (see also: git help workflows)\n   fetch     Download objects and refs from another repository\n   pull      Fetch from and integrate with another repository or a local branch\n   push      Update remote refs along with associated objects\n\n'git help -a' and 'git help -g' list available subcommands and some\nconcept guides. See 'git help <command>' or 'git help <concept>'\nto read about a specific subcommand or concept.\nSee 'git help git' for an overview of the system.\n""
[0m19:57:29.869267 [debug] [MainThread]: STDERR: "b''"
[0m19:57:29.876420 [debug] [MainThread]: Acquiring new bigquery connection "debug"
[0m19:57:29.877789 [debug] [MainThread]: Opening a new connection, currently in state init
[0m19:57:29.883777 [debug] [MainThread]: BigQuery adapter: Got an error when attempting to create a bigquery client: 'Runtime Error
  
  dbt encountered an error while trying to read your profiles.yml file.
  
  Could not automatically determine credentials. Please set GOOGLE_APPLICATION_CREDENTIALS or explicitly create credentials and re-run the application. For more information, please see https://cloud.google.com/docs/authentication/getting-started
  '
[0m19:57:29.884532 [debug] [MainThread]: Sending event: {'category': 'dbt', 'action': 'invocation', 'label': 'end', 'context': [<snowplow_tracker.self_describing_json.SelfDescribingJson object at 0x10b1d0970>, <snowplow_tracker.self_describing_json.SelfDescribingJson object at 0x10b1fe430>, <snowplow_tracker.self_describing_json.SelfDescribingJson object at 0x10b1fe730>]}
[0m19:57:32.324213 [debug] [MainThread]: Connection 'debug' was properly closed.


============================== 2022-08-16 20:00:16.341549 | ea34d660-3c39-44ba-ad34-ca511459042a ==============================
[0m20:00:16.341564 [info ] [MainThread]: Running with dbt=1.2.0
[0m20:00:16.342710 [debug] [MainThread]: running dbt with arguments {'write_json': True, 'use_colors': True, 'printer_width': 80, 'version_check': True, 'partial_parse': True, 'static_parser': True, 'profiles_dir': '/Users/nvora/.dbt', 'send_anonymous_usage_stats': True, 'event_buffer_size': 100000, 'quiet': False, 'no_print': False, 'config_dir': False, 'which': 'debug', 'indirect_selection': 'eager'}
[0m20:00:16.342985 [debug] [MainThread]: Tracking: tracking
[0m20:00:16.356181 [debug] [MainThread]: Sending event: {'category': 'dbt', 'action': 'invocation', 'label': 'start', 'context': [<snowplow_tracker.self_describing_json.SelfDescribingJson object at 0x104b48f10>, <snowplow_tracker.self_describing_json.SelfDescribingJson object at 0x104b48d00>, <snowplow_tracker.self_describing_json.SelfDescribingJson object at 0x104b48ca0>]}
[0m20:00:16.741407 [debug] [MainThread]: Executing "git --help"
[0m20:00:16.780083 [debug] [MainThread]: STDOUT: "b"usage: git [-v | --version] [-h | --help] [-C <path>] [-c <name>=<value>]\n           [--exec-path[=<path>]] [--html-path] [--man-path] [--info-path]\n           [-p | --paginate | -P | --no-pager] [--no-replace-objects] [--bare]\n           [--git-dir=<path>] [--work-tree=<path>] [--namespace=<name>]\n           [--super-prefix=<path>] [--config-env=<name>=<envvar>]\n           <command> [<args>]\n\nThese are common Git commands used in various situations:\n\nstart a working area (see also: git help tutorial)\n   clone     Clone a repository into a new directory\n   init      Create an empty Git repository or reinitialize an existing one\n\nwork on the current change (see also: git help everyday)\n   add       Add file contents to the index\n   mv        Move or rename a file, a directory, or a symlink\n   restore   Restore working tree files\n   rm        Remove files from the working tree and from the index\n\nexamine the history and state (see also: git help revisions)\n   bisect    Use binary search to find the commit that introduced a bug\n   diff      Show changes between commits, commit and working tree, etc\n   grep      Print lines matching a pattern\n   log       Show commit logs\n   show      Show various types of objects\n   status    Show the working tree status\n\ngrow, mark and tweak your common history\n   branch    List, create, or delete branches\n   commit    Record changes to the repository\n   merge     Join two or more development histories together\n   rebase    Reapply commits on top of another base tip\n   reset     Reset current HEAD to the specified state\n   switch    Switch branches\n   tag       Create, list, delete or verify a tag object signed with GPG\n\ncollaborate (see also: git help workflows)\n   fetch     Download objects and refs from another repository\n   pull      Fetch from and integrate with another repository or a local branch\n   push      Update remote refs along with associated objects\n\n'git help -a' and 'git help -g' list available subcommands and some\nconcept guides. See 'git help <command>' or 'git help <concept>'\nto read about a specific subcommand or concept.\nSee 'git help git' for an overview of the system.\n""
[0m20:00:16.781484 [debug] [MainThread]: STDERR: "b''"
[0m20:00:16.791058 [debug] [MainThread]: Acquiring new bigquery connection "debug"
[0m20:00:16.792092 [debug] [MainThread]: Opening a new connection, currently in state init
[0m20:00:16.801040 [debug] [MainThread]: On debug: select 1 as id
[0m20:00:19.820378 [debug] [MainThread]: Sending event: {'category': 'dbt', 'action': 'invocation', 'label': 'end', 'context': [<snowplow_tracker.self_describing_json.SelfDescribingJson object at 0x1067253a0>, <snowplow_tracker.self_describing_json.SelfDescribingJson object at 0x106725100>, <snowplow_tracker.self_describing_json.SelfDescribingJson object at 0x106725520>]}
[0m20:00:22.286840 [debug] [MainThread]: Connection 'debug' was properly closed.


============================== 2022-08-16 20:01:47.226256 | bcdf7abf-048a-4fef-93be-6cf266a179b3 ==============================
[0m20:01:47.226268 [info ] [MainThread]: Running with dbt=1.2.0
[0m20:01:47.226632 [debug] [MainThread]: running dbt with arguments {'write_json': True, 'use_colors': True, 'printer_width': 80, 'version_check': True, 'partial_parse': True, 'static_parser': True, 'profiles_dir': '/Users/nvora/.dbt', 'send_anonymous_usage_stats': True, 'event_buffer_size': 100000, 'quiet': False, 'no_print': False, 'config_dir': False, 'which': 'debug', 'indirect_selection': 'eager'}
[0m20:01:47.226754 [debug] [MainThread]: Tracking: tracking
[0m20:01:47.237395 [debug] [MainThread]: Sending event: {'category': 'dbt', 'action': 'invocation', 'label': 'start', 'context': [<snowplow_tracker.self_describing_json.SelfDescribingJson object at 0x109904f40>, <snowplow_tracker.self_describing_json.SelfDescribingJson object at 0x109904d30>, <snowplow_tracker.self_describing_json.SelfDescribingJson object at 0x109904cd0>]}
[0m20:01:47.464750 [debug] [MainThread]: Executing "git --help"
[0m20:01:47.486227 [debug] [MainThread]: STDOUT: "b"usage: git [-v | --version] [-h | --help] [-C <path>] [-c <name>=<value>]\n           [--exec-path[=<path>]] [--html-path] [--man-path] [--info-path]\n           [-p | --paginate | -P | --no-pager] [--no-replace-objects] [--bare]\n           [--git-dir=<path>] [--work-tree=<path>] [--namespace=<name>]\n           [--super-prefix=<path>] [--config-env=<name>=<envvar>]\n           <command> [<args>]\n\nThese are common Git commands used in various situations:\n\nstart a working area (see also: git help tutorial)\n   clone     Clone a repository into a new directory\n   init      Create an empty Git repository or reinitialize an existing one\n\nwork on the current change (see also: git help everyday)\n   add       Add file contents to the index\n   mv        Move or rename a file, a directory, or a symlink\n   restore   Restore working tree files\n   rm        Remove files from the working tree and from the index\n\nexamine the history and state (see also: git help revisions)\n   bisect    Use binary search to find the commit that introduced a bug\n   diff      Show changes between commits, commit and working tree, etc\n   grep      Print lines matching a pattern\n   log       Show commit logs\n   show      Show various types of objects\n   status    Show the working tree status\n\ngrow, mark and tweak your common history\n   branch    List, create, or delete branches\n   commit    Record changes to the repository\n   merge     Join two or more development histories together\n   rebase    Reapply commits on top of another base tip\n   reset     Reset current HEAD to the specified state\n   switch    Switch branches\n   tag       Create, list, delete or verify a tag object signed with GPG\n\ncollaborate (see also: git help workflows)\n   fetch     Download objects and refs from another repository\n   pull      Fetch from and integrate with another repository or a local branch\n   push      Update remote refs along with associated objects\n\n'git help -a' and 'git help -g' list available subcommands and some\nconcept guides. See 'git help <command>' or 'git help <concept>'\nto read about a specific subcommand or concept.\nSee 'git help git' for an overview of the system.\n""
[0m20:01:47.486843 [debug] [MainThread]: STDERR: "b''"
[0m20:01:47.493910 [debug] [MainThread]: Acquiring new bigquery connection "debug"
[0m20:01:47.495108 [debug] [MainThread]: Opening a new connection, currently in state init
[0m20:01:47.502662 [debug] [MainThread]: On debug: select 1 as id
[0m20:01:48.558595 [debug] [MainThread]: Sending event: {'category': 'dbt', 'action': 'invocation', 'label': 'end', 'context': [<snowplow_tracker.self_describing_json.SelfDescribingJson object at 0x10b536520>, <snowplow_tracker.self_describing_json.SelfDescribingJson object at 0x10b5367f0>, <snowplow_tracker.self_describing_json.SelfDescribingJson object at 0x10b566460>]}
[0m20:01:49.931583 [debug] [MainThread]: Connection 'debug' was properly closed.


============================== 2022-08-16 20:02:07.297390 | b7d3f322-f618-4826-9452-7d4f113a7ab6 ==============================
[0m20:02:07.297443 [info ] [MainThread]: Running with dbt=1.2.0
[0m20:02:07.298281 [debug] [MainThread]: running dbt with arguments {'write_json': True, 'use_colors': True, 'printer_width': 80, 'version_check': True, 'partial_parse': True, 'static_parser': True, 'profiles_dir': '/Users/nvora/.dbt', 'send_anonymous_usage_stats': True, 'event_buffer_size': 100000, 'quiet': False, 'no_print': False, 'which': 'run', 'rpc_method': 'run', 'indirect_selection': 'eager'}
[0m20:02:07.298462 [debug] [MainThread]: Tracking: tracking
[0m20:02:07.310540 [debug] [MainThread]: Sending event: {'category': 'dbt', 'action': 'invocation', 'label': 'start', 'context': [<snowplow_tracker.self_describing_json.SelfDescribingJson object at 0x10a9072b0>, <snowplow_tracker.self_describing_json.SelfDescribingJson object at 0x10a907190>, <snowplow_tracker.self_describing_json.SelfDescribingJson object at 0x10a9071f0>]}
[0m20:02:07.338812 [info ] [MainThread]: Unable to do partial parsing because profile has changed
[0m20:02:07.339387 [debug] [MainThread]: Sending event: {'category': 'dbt', 'action': 'partial_parser', 'label': 'b7d3f322-f618-4826-9452-7d4f113a7ab6', 'context': [<snowplow_tracker.self_describing_json.SelfDescribingJson object at 0x10a92a250>]}
[0m20:02:07.403114 [debug] [MainThread]: Parsing macros/etc.sql
[0m20:02:07.407695 [debug] [MainThread]: Parsing macros/catalog.sql
[0m20:02:07.414602 [debug] [MainThread]: Parsing macros/adapters.sql
[0m20:02:07.440761 [debug] [MainThread]: Parsing macros/materializations/seed.sql
[0m20:02:07.443462 [debug] [MainThread]: Parsing macros/materializations/view.sql
[0m20:02:07.446627 [debug] [MainThread]: Parsing macros/materializations/table.sql
[0m20:02:07.451607 [debug] [MainThread]: Parsing macros/materializations/copy.sql
[0m20:02:07.454455 [debug] [MainThread]: Parsing macros/materializations/incremental.sql
[0m20:02:07.471776 [debug] [MainThread]: Parsing macros/materializations/snapshot.sql
[0m20:02:07.473580 [debug] [MainThread]: Parsing macros/utils/except.sql
[0m20:02:07.474003 [debug] [MainThread]: Parsing macros/utils/dateadd.sql
[0m20:02:07.474639 [debug] [MainThread]: Parsing macros/utils/intersect.sql
[0m20:02:07.474995 [debug] [MainThread]: Parsing macros/utils/escape_single_quotes.sql
[0m20:02:07.475541 [debug] [MainThread]: Parsing macros/utils/right.sql
[0m20:02:07.476218 [debug] [MainThread]: Parsing macros/utils/listagg.sql
[0m20:02:07.477318 [debug] [MainThread]: Parsing macros/utils/datediff.sql
[0m20:02:07.478613 [debug] [MainThread]: Parsing macros/utils/safe_cast.sql
[0m20:02:07.479122 [debug] [MainThread]: Parsing macros/utils/hash.sql
[0m20:02:07.479616 [debug] [MainThread]: Parsing macros/utils/position.sql
[0m20:02:07.480149 [debug] [MainThread]: Parsing macros/utils/bool_or.sql
[0m20:02:07.480679 [debug] [MainThread]: Parsing macros/utils/split_part.sql
[0m20:02:07.482087 [debug] [MainThread]: Parsing macros/utils/date_trunc.sql
[0m20:02:07.482597 [debug] [MainThread]: Parsing macros/adapters/apply_grants.sql
[0m20:02:07.485258 [debug] [MainThread]: Parsing macros/materializations/hooks.sql
[0m20:02:07.489322 [debug] [MainThread]: Parsing macros/materializations/configs.sql
[0m20:02:07.491746 [debug] [MainThread]: Parsing macros/materializations/snapshots/snapshot_merge.sql
[0m20:02:07.493359 [debug] [MainThread]: Parsing macros/materializations/snapshots/strategies.sql
[0m20:02:07.510875 [debug] [MainThread]: Parsing macros/materializations/snapshots/helpers.sql
[0m20:02:07.524907 [debug] [MainThread]: Parsing macros/materializations/snapshots/snapshot.sql
[0m20:02:07.538593 [debug] [MainThread]: Parsing macros/materializations/tests/test.sql
[0m20:02:07.543331 [debug] [MainThread]: Parsing macros/materializations/tests/helpers.sql
[0m20:02:07.545395 [debug] [MainThread]: Parsing macros/materializations/tests/where_subquery.sql
[0m20:02:07.547307 [debug] [MainThread]: Parsing macros/materializations/models/incremental/column_helpers.sql
[0m20:02:07.551921 [debug] [MainThread]: Parsing macros/materializations/models/incremental/merge.sql
[0m20:02:07.568959 [debug] [MainThread]: Parsing macros/materializations/models/incremental/is_incremental.sql
[0m20:02:07.570608 [debug] [MainThread]: Parsing macros/materializations/models/incremental/incremental.sql
[0m20:02:07.580732 [debug] [MainThread]: Parsing macros/materializations/models/incremental/on_schema_change.sql
[0m20:02:07.597834 [debug] [MainThread]: Parsing macros/materializations/models/table/table.sql
[0m20:02:07.606895 [debug] [MainThread]: Parsing macros/materializations/models/table/create_table_as.sql
[0m20:02:07.610098 [debug] [MainThread]: Parsing macros/materializations/models/view/view.sql
[0m20:02:07.616132 [debug] [MainThread]: Parsing macros/materializations/models/view/helpers.sql
[0m20:02:07.617560 [debug] [MainThread]: Parsing macros/materializations/models/view/create_or_replace_view.sql
[0m20:02:07.621313 [debug] [MainThread]: Parsing macros/materializations/models/view/create_view_as.sql
[0m20:02:07.623752 [debug] [MainThread]: Parsing macros/materializations/seeds/seed.sql
[0m20:02:07.631203 [debug] [MainThread]: Parsing macros/materializations/seeds/helpers.sql
[0m20:02:07.650857 [debug] [MainThread]: Parsing macros/get_custom_name/get_custom_alias.sql
[0m20:02:07.652874 [debug] [MainThread]: Parsing macros/get_custom_name/get_custom_schema.sql
[0m20:02:07.655444 [debug] [MainThread]: Parsing macros/get_custom_name/get_custom_database.sql
[0m20:02:07.657071 [debug] [MainThread]: Parsing macros/generic_test_sql/relationships.sql
[0m20:02:07.657944 [debug] [MainThread]: Parsing macros/generic_test_sql/not_null.sql
[0m20:02:07.658751 [debug] [MainThread]: Parsing macros/generic_test_sql/unique.sql
[0m20:02:07.659610 [debug] [MainThread]: Parsing macros/generic_test_sql/accepted_values.sql
[0m20:02:07.661067 [debug] [MainThread]: Parsing macros/etc/statement.sql
[0m20:02:07.665829 [debug] [MainThread]: Parsing macros/etc/datetime.sql
[0m20:02:07.674840 [debug] [MainThread]: Parsing macros/utils/except.sql
[0m20:02:07.675821 [debug] [MainThread]: Parsing macros/utils/replace.sql
[0m20:02:07.677256 [debug] [MainThread]: Parsing macros/utils/concat.sql
[0m20:02:07.678240 [debug] [MainThread]: Parsing macros/utils/length.sql
[0m20:02:07.679173 [debug] [MainThread]: Parsing macros/utils/dateadd.sql
[0m20:02:07.680427 [debug] [MainThread]: Parsing macros/utils/intersect.sql
[0m20:02:07.681431 [debug] [MainThread]: Parsing macros/utils/escape_single_quotes.sql
[0m20:02:07.682486 [debug] [MainThread]: Parsing macros/utils/right.sql
[0m20:02:07.683638 [debug] [MainThread]: Parsing macros/utils/listagg.sql
[0m20:02:07.686157 [debug] [MainThread]: Parsing macros/utils/datediff.sql
[0m20:02:07.687466 [debug] [MainThread]: Parsing macros/utils/safe_cast.sql
[0m20:02:07.688725 [debug] [MainThread]: Parsing macros/utils/hash.sql
[0m20:02:07.689821 [debug] [MainThread]: Parsing macros/utils/cast_bool_to_text.sql
[0m20:02:07.691055 [debug] [MainThread]: Parsing macros/utils/any_value.sql
[0m20:02:07.692062 [debug] [MainThread]: Parsing macros/utils/position.sql
[0m20:02:07.693155 [debug] [MainThread]: Parsing macros/utils/literal.sql
[0m20:02:07.694291 [debug] [MainThread]: Parsing macros/utils/data_types.sql
[0m20:02:07.700469 [debug] [MainThread]: Parsing macros/utils/bool_or.sql
[0m20:02:07.701473 [debug] [MainThread]: Parsing macros/utils/last_day.sql
[0m20:02:07.703322 [debug] [MainThread]: Parsing macros/utils/split_part.sql
[0m20:02:07.705410 [debug] [MainThread]: Parsing macros/utils/date_trunc.sql
[0m20:02:07.706468 [debug] [MainThread]: Parsing macros/adapters/schema.sql
[0m20:02:07.708609 [debug] [MainThread]: Parsing macros/adapters/indexes.sql
[0m20:02:07.711419 [debug] [MainThread]: Parsing macros/adapters/relation.sql
[0m20:02:07.726562 [debug] [MainThread]: Parsing macros/adapters/freshness.sql
[0m20:02:07.729945 [debug] [MainThread]: Parsing macros/adapters/apply_grants.sql
[0m20:02:07.744465 [debug] [MainThread]: Parsing macros/adapters/persist_docs.sql
[0m20:02:07.749160 [debug] [MainThread]: Parsing macros/adapters/metadata.sql
[0m20:02:07.756587 [debug] [MainThread]: Parsing macros/adapters/columns.sql
[0m20:02:07.766590 [debug] [MainThread]: Parsing tests/generic/builtin.sql
[0m20:02:08.086486 [debug] [MainThread]: 1699: static parser successfully parsed example/my_first_dbt_model.sql
[0m20:02:08.100017 [debug] [MainThread]: 1699: static parser successfully parsed example/my_second_dbt_model.sql
[0m20:02:08.166810 [debug] [MainThread]: Sending event: {'category': 'dbt', 'action': 'load_project', 'label': 'b7d3f322-f618-4826-9452-7d4f113a7ab6', 'context': [<snowplow_tracker.self_describing_json.SelfDescribingJson object at 0x10aa1fe20>]}
[0m20:02:08.173817 [debug] [MainThread]: Sending event: {'category': 'dbt', 'action': 'resource_counts', 'label': 'b7d3f322-f618-4826-9452-7d4f113a7ab6', 'context': [<snowplow_tracker.self_describing_json.SelfDescribingJson object at 0x10a9a7cd0>]}
[0m20:02:08.174146 [info ] [MainThread]: Found 2 models, 4 tests, 0 snapshots, 0 analyses, 285 macros, 0 operations, 0 seed files, 0 sources, 0 exposures, 0 metrics
[0m20:02:08.174378 [debug] [MainThread]: Sending event: {'category': 'dbt', 'action': 'runnable_timing', 'label': 'b7d3f322-f618-4826-9452-7d4f113a7ab6', 'context': [<snowplow_tracker.self_describing_json.SelfDescribingJson object at 0x10aa1ff70>]}
[0m20:02:08.175591 [info ] [MainThread]: 
[0m20:02:08.176061 [debug] [MainThread]: Acquiring new bigquery connection "master"
[0m20:02:08.176989 [debug] [ThreadPool]: Acquiring new bigquery connection "list_dbt-technical-training"
[0m20:02:08.177185 [debug] [ThreadPool]: Opening a new connection, currently in state init
[0m20:02:08.866521 [debug] [ThreadPool]: Acquiring new bigquery connection "list_dbt-technical-training_njv_dbt_transformation"
[0m20:02:08.867151 [debug] [ThreadPool]: Opening a new connection, currently in state closed
[0m20:02:09.385949 [debug] [MainThread]: Sending event: {'category': 'dbt', 'action': 'runnable_timing', 'label': 'b7d3f322-f618-4826-9452-7d4f113a7ab6', 'context': [<snowplow_tracker.self_describing_json.SelfDescribingJson object at 0x10a8db370>]}
[0m20:02:09.387279 [info ] [MainThread]: Concurrency: 32 threads (target='dev')
[0m20:02:09.387953 [info ] [MainThread]: 
[0m20:02:09.403095 [debug] [Thread-1  ]: Began running node model.my_workshop.my_first_dbt_model
[0m20:02:09.403635 [info ] [Thread-1  ]: 1 of 2 START table model njv_dbt_transformation.my_first_dbt_model ............. [RUN]
[0m20:02:09.404343 [debug] [Thread-1  ]: Acquiring new bigquery connection "model.my_workshop.my_first_dbt_model"
[0m20:02:09.404554 [debug] [Thread-1  ]: Began compiling node model.my_workshop.my_first_dbt_model
[0m20:02:09.404734 [debug] [Thread-1  ]: Compiling model.my_workshop.my_first_dbt_model
[0m20:02:09.408905 [debug] [Thread-1  ]: Writing injected SQL for node "model.my_workshop.my_first_dbt_model"
[0m20:02:09.409864 [debug] [Thread-1  ]: finished collecting timing info
[0m20:02:09.410144 [debug] [Thread-1  ]: Began executing node model.my_workshop.my_first_dbt_model
[0m20:02:09.454041 [debug] [Thread-1  ]: Writing runtime SQL for node "model.my_workshop.my_first_dbt_model"
[0m20:02:09.454867 [debug] [Thread-1  ]: Opening a new connection, currently in state closed
[0m20:02:09.460509 [debug] [Thread-1  ]: On model.my_workshop.my_first_dbt_model: /* {"app": "dbt", "dbt_version": "1.2.0", "profile_name": "my_workshop", "target_name": "dev", "node_id": "model.my_workshop.my_first_dbt_model"} */


  create or replace table `dbt-technical-training`.`njv_dbt_transformation`.`my_first_dbt_model`
  
  
  OPTIONS()
  as (
    /*
    Welcome to your first dbt model!
    Did you know that you can also configure models directly within SQL files?
    This will override configurations stated in dbt_project.yml

    Try changing "table" to "view" below
*/



with source_data as (

    select 1 as id
    union all
    select null as id

)

select *
from source_data

/*
    Uncomment the line below to remove records with null `id` values
*/

-- where id is not null
  );
  
[0m20:02:12.098000 [debug] [Thread-1  ]: finished collecting timing info
[0m20:02:12.098602 [debug] [Thread-1  ]: Sending event: {'category': 'dbt', 'action': 'run_model', 'label': 'b7d3f322-f618-4826-9452-7d4f113a7ab6', 'context': [<snowplow_tracker.self_describing_json.SelfDescribingJson object at 0x10ab6c2e0>]}
[0m20:02:12.099074 [info ] [Thread-1  ]: 1 of 2 OK created table model njv_dbt_transformation.my_first_dbt_model ........ [[32mCREATE TABLE (2.0 rows, 0 processed)[0m in 2.69s]
[0m20:02:12.099576 [debug] [Thread-1  ]: Finished running node model.my_workshop.my_first_dbt_model
[0m20:02:12.100187 [debug] [Thread-3  ]: Began running node model.my_workshop.my_second_dbt_model
[0m20:02:12.100473 [info ] [Thread-3  ]: 2 of 2 START view model njv_dbt_transformation.my_second_dbt_model ............. [RUN]
[0m20:02:12.100947 [debug] [Thread-3  ]: Acquiring new bigquery connection "model.my_workshop.my_second_dbt_model"
[0m20:02:12.101104 [debug] [Thread-3  ]: Began compiling node model.my_workshop.my_second_dbt_model
[0m20:02:12.101256 [debug] [Thread-3  ]: Compiling model.my_workshop.my_second_dbt_model
[0m20:02:12.104124 [debug] [Thread-3  ]: Writing injected SQL for node "model.my_workshop.my_second_dbt_model"
[0m20:02:12.104731 [debug] [Thread-3  ]: finished collecting timing info
[0m20:02:12.104922 [debug] [Thread-3  ]: Began executing node model.my_workshop.my_second_dbt_model
[0m20:02:12.127054 [debug] [Thread-3  ]: Writing runtime SQL for node "model.my_workshop.my_second_dbt_model"
[0m20:02:12.127683 [debug] [Thread-3  ]: Opening a new connection, currently in state init
[0m20:02:12.133303 [debug] [Thread-3  ]: On model.my_workshop.my_second_dbt_model: /* {"app": "dbt", "dbt_version": "1.2.0", "profile_name": "my_workshop", "target_name": "dev", "node_id": "model.my_workshop.my_second_dbt_model"} */


  create or replace view `dbt-technical-training`.`njv_dbt_transformation`.`my_second_dbt_model`
  OPTIONS()
  as -- Use the `ref` function to select from other models

select *
from `dbt-technical-training`.`njv_dbt_transformation`.`my_first_dbt_model`
where id = 1;


[0m20:02:13.102061 [debug] [Thread-3  ]: finished collecting timing info
[0m20:02:13.103102 [debug] [Thread-3  ]: Sending event: {'category': 'dbt', 'action': 'run_model', 'label': 'b7d3f322-f618-4826-9452-7d4f113a7ab6', 'context': [<snowplow_tracker.self_describing_json.SelfDescribingJson object at 0x10abeb550>]}
[0m20:02:13.103937 [info ] [Thread-3  ]: 2 of 2 OK created view model njv_dbt_transformation.my_second_dbt_model ........ [[32mOK[0m in 1.00s]
[0m20:02:13.104837 [debug] [Thread-3  ]: Finished running node model.my_workshop.my_second_dbt_model
[0m20:02:13.108818 [debug] [MainThread]: Acquiring new bigquery connection "master"
[0m20:02:13.109559 [info ] [MainThread]: 
[0m20:02:13.110052 [info ] [MainThread]: Finished running 1 table model, 1 view model in 0 hours 0 minutes and 4.93 seconds (4.93s).
[0m20:02:13.110470 [debug] [MainThread]: Connection 'master' was properly closed.
[0m20:02:13.110689 [debug] [MainThread]: Connection 'model.my_workshop.my_first_dbt_model' was properly closed.
[0m20:02:13.110903 [debug] [MainThread]: Connection 'model.my_workshop.my_second_dbt_model' was properly closed.
[0m20:02:13.121079 [info ] [MainThread]: 
[0m20:02:13.121492 [info ] [MainThread]: [32mCompleted successfully[0m
[0m20:02:13.121864 [info ] [MainThread]: 
[0m20:02:13.122175 [info ] [MainThread]: Done. PASS=2 WARN=0 ERROR=0 SKIP=0 TOTAL=2
[0m20:02:13.122599 [debug] [MainThread]: Sending event: {'category': 'dbt', 'action': 'invocation', 'label': 'end', 'context': [<snowplow_tracker.self_describing_json.SelfDescribingJson object at 0x10aa3c1c0>, <snowplow_tracker.self_describing_json.SelfDescribingJson object at 0x10a8d3850>, <snowplow_tracker.self_describing_json.SelfDescribingJson object at 0x10a93a2e0>]}


============================== 2022-08-17 18:23:26.580198 | 896548a4-3382-423c-87be-9dded203e39f ==============================
[0m18:23:26.580230 [info ] [MainThread]: Running with dbt=1.2.0
[0m18:23:26.583321 [debug] [MainThread]: running dbt with arguments {'write_json': True, 'use_colors': True, 'printer_width': 80, 'version_check': True, 'partial_parse': True, 'static_parser': True, 'profiles_dir': '/Users/nvora/.dbt', 'send_anonymous_usage_stats': True, 'event_buffer_size': 100000, 'quiet': False, 'no_print': False, 'skip_profile_setup': False, 'which': 'init', 'indirect_selection': 'eager'}
[0m18:23:26.583652 [debug] [MainThread]: Tracking: tracking
[0m18:23:26.625779 [debug] [MainThread]: Sending event: {'category': 'dbt', 'action': 'invocation', 'label': 'start', 'context': [<snowplow_tracker.self_describing_json.SelfDescribingJson object at 0x103952070>, <snowplow_tracker.self_describing_json.SelfDescribingJson object at 0x103949d30>, <snowplow_tracker.self_describing_json.SelfDescribingJson object at 0x103949e20>]}
[0m18:23:26.628778 [info ] [MainThread]: Setting up your profile.
[0m18:23:52.599131 [debug] [MainThread]: Sending event: {'category': 'dbt', 'action': 'invocation', 'label': 'end', 'context': [<snowplow_tracker.self_describing_json.SelfDescribingJson object at 0x10393a0a0>, <snowplow_tracker.self_describing_json.SelfDescribingJson object at 0x10393a520>, <snowplow_tracker.self_describing_json.SelfDescribingJson object at 0x10393a8b0>]}


============================== 2022-08-17 18:49:30.518149 | ed982c8f-70da-4851-b008-1265ade52a4a ==============================
[0m18:49:30.518165 [info ] [MainThread]: Running with dbt=1.2.0
[0m18:49:30.520456 [debug] [MainThread]: running dbt with arguments {'write_json': True, 'use_colors': True, 'printer_width': 80, 'version_check': True, 'partial_parse': True, 'static_parser': True, 'profiles_dir': '/Users/nvora/.dbt', 'send_anonymous_usage_stats': True, 'event_buffer_size': 100000, 'quiet': False, 'no_print': False, 'which': 'deps', 'rpc_method': 'deps', 'indirect_selection': 'eager'}
[0m18:49:30.520827 [debug] [MainThread]: Tracking: tracking
[0m18:49:30.555048 [debug] [MainThread]: Sending event: {'category': 'dbt', 'action': 'invocation', 'label': 'start', 'context': [<snowplow_tracker.self_describing_json.SelfDescribingJson object at 0x10dc92a60>, <snowplow_tracker.self_describing_json.SelfDescribingJson object at 0x10dc92940>, <snowplow_tracker.self_describing_json.SelfDescribingJson object at 0x10dc92fa0>]}
[0m18:49:30.558766 [debug] [MainThread]: Set downloads directory='/var/folders/v5/qz0fwlcj47g898rj02jq739w0000gn/T/dbt-downloads-efetlq9w'
[0m18:49:30.559824 [debug] [MainThread]: Making package index registry request: GET https://hub.getdbt.com/api/v1/index.json
[0m18:49:31.370042 [debug] [MainThread]: Response from registry index: GET https://hub.getdbt.com/api/v1/index.json 200
[0m18:49:31.371310 [debug] [MainThread]: Making package registry request: GET https://hub.getdbt.com/api/v1/fivetran/salesforce.json
[0m18:49:32.090385 [debug] [MainThread]: Response from registry: GET https://hub.getdbt.com/api/v1/fivetran/salesforce.json 200
[0m18:49:32.098053 [debug] [MainThread]: Making package registry request: GET https://hub.getdbt.com/api/v1/fivetran/salesforce_source.json
[0m18:49:32.789656 [debug] [MainThread]: Response from registry: GET https://hub.getdbt.com/api/v1/fivetran/salesforce_source.json 200
[0m18:49:32.798617 [debug] [MainThread]: Making package registry request: GET https://hub.getdbt.com/api/v1/fivetran/fivetran_utils.json
[0m18:49:33.490093 [debug] [MainThread]: Response from registry: GET https://hub.getdbt.com/api/v1/fivetran/fivetran_utils.json 200
[0m18:49:33.514292 [debug] [MainThread]: Making package registry request: GET https://hub.getdbt.com/api/v1/dbt-labs/spark_utils.json
[0m18:49:33.870560 [debug] [MainThread]: Response from registry: GET https://hub.getdbt.com/api/v1/dbt-labs/spark_utils.json 200
[0m18:49:33.877288 [debug] [MainThread]: Making package registry request: GET https://hub.getdbt.com/api/v1/dbt-labs/dbt_utils.json
[0m18:49:34.317124 [debug] [MainThread]: Response from registry: GET https://hub.getdbt.com/api/v1/dbt-labs/dbt_utils.json 200
[0m18:49:34.416170 [info ] [MainThread]: Installing fivetran/salesforce
[0m18:49:35.411955 [info ] [MainThread]:   Installed from version 0.7.0
[0m18:49:35.412274 [info ] [MainThread]:   Up to date!
[0m18:49:35.412607 [debug] [MainThread]: Sending event: {'category': 'dbt', 'action': 'package', 'label': 'ed982c8f-70da-4851-b008-1265ade52a4a', 'property_': 'install', 'context': [<snowplow_tracker.self_describing_json.SelfDescribingJson object at 0x10dcdeca0>, <snowplow_tracker.self_describing_json.SelfDescribingJson object at 0x10dcdec40>]}
[0m18:49:35.412940 [info ] [MainThread]: Installing fivetran/salesforce_source
[0m18:49:36.519818 [info ] [MainThread]:   Installed from version 0.5.0
[0m18:49:36.520834 [info ] [MainThread]:   Up to date!
[0m18:49:36.521381 [debug] [MainThread]: Sending event: {'category': 'dbt', 'action': 'package', 'label': 'ed982c8f-70da-4851-b008-1265ade52a4a', 'property_': 'install', 'context': [<snowplow_tracker.self_describing_json.SelfDescribingJson object at 0x10dcde370>, <snowplow_tracker.self_describing_json.SelfDescribingJson object at 0x10dcde250>]}
[0m18:49:36.521758 [info ] [MainThread]: Installing fivetran/fivetran_utils
[0m18:49:37.109978 [info ] [MainThread]:   Installed from version 0.3.9
[0m18:49:37.110491 [info ] [MainThread]:   Up to date!
[0m18:49:37.110924 [debug] [MainThread]: Sending event: {'category': 'dbt', 'action': 'package', 'label': 'ed982c8f-70da-4851-b008-1265ade52a4a', 'property_': 'install', 'context': [<snowplow_tracker.self_describing_json.SelfDescribingJson object at 0x10dd99610>, <snowplow_tracker.self_describing_json.SelfDescribingJson object at 0x10dd99340>]}
[0m18:49:37.111300 [info ] [MainThread]: Installing dbt-labs/spark_utils
[0m18:49:37.608345 [info ] [MainThread]:   Installed from version 0.3.0
[0m18:49:37.608845 [info ] [MainThread]:   Up to date!
[0m18:49:37.609296 [debug] [MainThread]: Sending event: {'category': 'dbt', 'action': 'package', 'label': 'ed982c8f-70da-4851-b008-1265ade52a4a', 'property_': 'install', 'context': [<snowplow_tracker.self_describing_json.SelfDescribingJson object at 0x10dd99880>, <snowplow_tracker.self_describing_json.SelfDescribingJson object at 0x10dd991c0>]}
[0m18:49:37.609730 [info ] [MainThread]: Installing dbt-labs/dbt_utils
[0m18:49:38.668136 [info ] [MainThread]:   Installed from version 0.8.6
[0m18:49:38.668719 [info ] [MainThread]:   Up to date!
[0m18:49:38.669192 [debug] [MainThread]: Sending event: {'category': 'dbt', 'action': 'package', 'label': 'ed982c8f-70da-4851-b008-1265ade52a4a', 'property_': 'install', 'context': [<snowplow_tracker.self_describing_json.SelfDescribingJson object at 0x10dd99640>, <snowplow_tracker.self_describing_json.SelfDescribingJson object at 0x10dd99bb0>]}
[0m18:49:38.672257 [debug] [MainThread]: Sending event: {'category': 'dbt', 'action': 'invocation', 'label': 'end', 'context': [<snowplow_tracker.self_describing_json.SelfDescribingJson object at 0x10dca3400>, <snowplow_tracker.self_describing_json.SelfDescribingJson object at 0x10dbe6f70>, <snowplow_tracker.self_describing_json.SelfDescribingJson object at 0x10dcde220>]}


============================== 2022-08-17 18:50:46.384758 | e8965b16-5bb3-4346-a44f-b76934e6d81e ==============================
[0m18:50:46.384775 [info ] [MainThread]: Running with dbt=1.2.0
[0m18:50:46.386241 [debug] [MainThread]: running dbt with arguments {'write_json': True, 'use_colors': True, 'printer_width': 80, 'version_check': True, 'partial_parse': True, 'static_parser': True, 'profiles_dir': '/Users/nvora/.dbt', 'send_anonymous_usage_stats': True, 'event_buffer_size': 100000, 'quiet': False, 'no_print': False, 'config_dir': False, 'which': 'debug', 'indirect_selection': 'eager'}
[0m18:50:46.386590 [debug] [MainThread]: Tracking: tracking
[0m18:50:46.400539 [debug] [MainThread]: Sending event: {'category': 'dbt', 'action': 'invocation', 'label': 'start', 'context': [<snowplow_tracker.self_describing_json.SelfDescribingJson object at 0x10f7e4070>, <snowplow_tracker.self_describing_json.SelfDescribingJson object at 0x10f7dbdf0>, <snowplow_tracker.self_describing_json.SelfDescribingJson object at 0x10f7dbd90>]}
[0m18:50:46.906181 [debug] [MainThread]: Executing "git --help"
[0m18:50:46.946115 [debug] [MainThread]: STDOUT: "b"usage: git [-v | --version] [-h | --help] [-C <path>] [-c <name>=<value>]\n           [--exec-path[=<path>]] [--html-path] [--man-path] [--info-path]\n           [-p | --paginate | -P | --no-pager] [--no-replace-objects] [--bare]\n           [--git-dir=<path>] [--work-tree=<path>] [--namespace=<name>]\n           [--super-prefix=<path>] [--config-env=<name>=<envvar>]\n           <command> [<args>]\n\nThese are common Git commands used in various situations:\n\nstart a working area (see also: git help tutorial)\n   clone     Clone a repository into a new directory\n   init      Create an empty Git repository or reinitialize an existing one\n\nwork on the current change (see also: git help everyday)\n   add       Add file contents to the index\n   mv        Move or rename a file, a directory, or a symlink\n   restore   Restore working tree files\n   rm        Remove files from the working tree and from the index\n\nexamine the history and state (see also: git help revisions)\n   bisect    Use binary search to find the commit that introduced a bug\n   diff      Show changes between commits, commit and working tree, etc\n   grep      Print lines matching a pattern\n   log       Show commit logs\n   show      Show various types of objects\n   status    Show the working tree status\n\ngrow, mark and tweak your common history\n   branch    List, create, or delete branches\n   commit    Record changes to the repository\n   merge     Join two or more development histories together\n   rebase    Reapply commits on top of another base tip\n   reset     Reset current HEAD to the specified state\n   switch    Switch branches\n   tag       Create, list, delete or verify a tag object signed with GPG\n\ncollaborate (see also: git help workflows)\n   fetch     Download objects and refs from another repository\n   pull      Fetch from and integrate with another repository or a local branch\n   push      Update remote refs along with associated objects\n\n'git help -a' and 'git help -g' list available subcommands and some\nconcept guides. See 'git help <command>' or 'git help <concept>'\nto read about a specific subcommand or concept.\nSee 'git help git' for an overview of the system.\n""
[0m18:50:46.947101 [debug] [MainThread]: STDERR: "b''"
[0m18:50:46.961013 [debug] [MainThread]: Acquiring new bigquery connection "debug"
[0m18:50:46.962253 [debug] [MainThread]: Opening a new connection, currently in state init
[0m18:50:46.971620 [debug] [MainThread]: On debug: select 1 as id
[0m18:50:51.006421 [debug] [MainThread]: Sending event: {'category': 'dbt', 'action': 'invocation', 'label': 'end', 'context': [<snowplow_tracker.self_describing_json.SelfDescribingJson object at 0x1113f9130>, <snowplow_tracker.self_describing_json.SelfDescribingJson object at 0x1113f9880>, <snowplow_tracker.self_describing_json.SelfDescribingJson object at 0x1113f99a0>]}
[0m18:50:51.467823 [debug] [MainThread]: Connection 'debug' was properly closed.


============================== 2022-08-17 18:51:02.054450 | f584b2e7-27c2-4aed-afaa-436924ff7708 ==============================
[0m18:51:02.054501 [info ] [MainThread]: Running with dbt=1.2.0
[0m18:51:02.055479 [debug] [MainThread]: running dbt with arguments {'write_json': True, 'use_colors': True, 'printer_width': 80, 'version_check': True, 'partial_parse': True, 'static_parser': True, 'profiles_dir': '/Users/nvora/.dbt', 'send_anonymous_usage_stats': True, 'event_buffer_size': 100000, 'quiet': False, 'no_print': False, 'which': 'run', 'rpc_method': 'run', 'indirect_selection': 'eager'}
[0m18:51:02.055664 [debug] [MainThread]: Tracking: tracking
[0m18:51:02.066744 [debug] [MainThread]: Sending event: {'category': 'dbt', 'action': 'invocation', 'label': 'start', 'context': [<snowplow_tracker.self_describing_json.SelfDescribingJson object at 0x10d188820>, <snowplow_tracker.self_describing_json.SelfDescribingJson object at 0x10d188c40>, <snowplow_tracker.self_describing_json.SelfDescribingJson object at 0x10d188c10>]}
[0m18:51:02.141344 [info ] [MainThread]: Unable to do partial parsing because a project dependency has been added
[0m18:51:02.141696 [info ] [MainThread]: Unable to do partial parsing because a project config has changed
[0m18:51:02.141985 [debug] [MainThread]: Sending event: {'category': 'dbt', 'action': 'partial_parser', 'label': 'f584b2e7-27c2-4aed-afaa-436924ff7708', 'context': [<snowplow_tracker.self_describing_json.SelfDescribingJson object at 0x108206190>]}
[0m18:51:02.388215 [debug] [MainThread]: Parsing macros/etc.sql
[0m18:51:02.394294 [debug] [MainThread]: Parsing macros/catalog.sql
[0m18:51:02.400374 [debug] [MainThread]: Parsing macros/adapters.sql
[0m18:51:02.425074 [debug] [MainThread]: Parsing macros/materializations/seed.sql
[0m18:51:02.427641 [debug] [MainThread]: Parsing macros/materializations/view.sql
[0m18:51:02.430539 [debug] [MainThread]: Parsing macros/materializations/table.sql
[0m18:51:02.435039 [debug] [MainThread]: Parsing macros/materializations/copy.sql
[0m18:51:02.437713 [debug] [MainThread]: Parsing macros/materializations/incremental.sql
[0m18:51:02.454452 [debug] [MainThread]: Parsing macros/materializations/snapshot.sql
[0m18:51:02.456316 [debug] [MainThread]: Parsing macros/utils/except.sql
[0m18:51:02.456706 [debug] [MainThread]: Parsing macros/utils/dateadd.sql
[0m18:51:02.457329 [debug] [MainThread]: Parsing macros/utils/intersect.sql
[0m18:51:02.457675 [debug] [MainThread]: Parsing macros/utils/escape_single_quotes.sql
[0m18:51:02.458221 [debug] [MainThread]: Parsing macros/utils/right.sql
[0m18:51:02.458849 [debug] [MainThread]: Parsing macros/utils/listagg.sql
[0m18:51:02.459879 [debug] [MainThread]: Parsing macros/utils/datediff.sql
[0m18:51:02.461255 [debug] [MainThread]: Parsing macros/utils/safe_cast.sql
[0m18:51:02.461788 [debug] [MainThread]: Parsing macros/utils/hash.sql
[0m18:51:02.462290 [debug] [MainThread]: Parsing macros/utils/position.sql
[0m18:51:02.462819 [debug] [MainThread]: Parsing macros/utils/bool_or.sql
[0m18:51:02.463243 [debug] [MainThread]: Parsing macros/utils/split_part.sql
[0m18:51:02.464559 [debug] [MainThread]: Parsing macros/utils/date_trunc.sql
[0m18:51:02.465114 [debug] [MainThread]: Parsing macros/adapters/apply_grants.sql
[0m18:51:02.467732 [debug] [MainThread]: Parsing macros/materializations/hooks.sql
[0m18:51:02.471843 [debug] [MainThread]: Parsing macros/materializations/configs.sql
[0m18:51:02.474171 [debug] [MainThread]: Parsing macros/materializations/snapshots/snapshot_merge.sql
[0m18:51:02.475807 [debug] [MainThread]: Parsing macros/materializations/snapshots/strategies.sql
[0m18:51:02.493119 [debug] [MainThread]: Parsing macros/materializations/snapshots/helpers.sql
[0m18:51:02.505815 [debug] [MainThread]: Parsing macros/materializations/snapshots/snapshot.sql
[0m18:51:02.517539 [debug] [MainThread]: Parsing macros/materializations/tests/test.sql
[0m18:51:02.522068 [debug] [MainThread]: Parsing macros/materializations/tests/helpers.sql
[0m18:51:02.523963 [debug] [MainThread]: Parsing macros/materializations/tests/where_subquery.sql
[0m18:51:02.525775 [debug] [MainThread]: Parsing macros/materializations/models/incremental/column_helpers.sql
[0m18:51:02.529983 [debug] [MainThread]: Parsing macros/materializations/models/incremental/merge.sql
[0m18:51:02.546135 [debug] [MainThread]: Parsing macros/materializations/models/incremental/is_incremental.sql
[0m18:51:02.547594 [debug] [MainThread]: Parsing macros/materializations/models/incremental/incremental.sql
[0m18:51:02.556920 [debug] [MainThread]: Parsing macros/materializations/models/incremental/on_schema_change.sql
[0m18:51:02.572176 [debug] [MainThread]: Parsing macros/materializations/models/table/table.sql
[0m18:51:02.578814 [debug] [MainThread]: Parsing macros/materializations/models/table/create_table_as.sql
[0m18:51:02.583157 [debug] [MainThread]: Parsing macros/materializations/models/view/view.sql
[0m18:51:02.590293 [debug] [MainThread]: Parsing macros/materializations/models/view/helpers.sql
[0m18:51:02.591755 [debug] [MainThread]: Parsing macros/materializations/models/view/create_or_replace_view.sql
[0m18:51:02.595220 [debug] [MainThread]: Parsing macros/materializations/models/view/create_view_as.sql
[0m18:51:02.597974 [debug] [MainThread]: Parsing macros/materializations/seeds/seed.sql
[0m18:51:02.605417 [debug] [MainThread]: Parsing macros/materializations/seeds/helpers.sql
[0m18:51:02.624242 [debug] [MainThread]: Parsing macros/get_custom_name/get_custom_alias.sql
[0m18:51:02.625808 [debug] [MainThread]: Parsing macros/get_custom_name/get_custom_schema.sql
[0m18:51:02.628318 [debug] [MainThread]: Parsing macros/get_custom_name/get_custom_database.sql
[0m18:51:02.629978 [debug] [MainThread]: Parsing macros/generic_test_sql/relationships.sql
[0m18:51:02.630957 [debug] [MainThread]: Parsing macros/generic_test_sql/not_null.sql
[0m18:51:02.631797 [debug] [MainThread]: Parsing macros/generic_test_sql/unique.sql
[0m18:51:02.632569 [debug] [MainThread]: Parsing macros/generic_test_sql/accepted_values.sql
[0m18:51:02.633928 [debug] [MainThread]: Parsing macros/etc/statement.sql
[0m18:51:02.638497 [debug] [MainThread]: Parsing macros/etc/datetime.sql
[0m18:51:02.647296 [debug] [MainThread]: Parsing macros/utils/except.sql
[0m18:51:02.648187 [debug] [MainThread]: Parsing macros/utils/replace.sql
[0m18:51:02.649422 [debug] [MainThread]: Parsing macros/utils/concat.sql
[0m18:51:02.650392 [debug] [MainThread]: Parsing macros/utils/length.sql
[0m18:51:02.651308 [debug] [MainThread]: Parsing macros/utils/dateadd.sql
[0m18:51:02.652692 [debug] [MainThread]: Parsing macros/utils/intersect.sql
[0m18:51:02.653497 [debug] [MainThread]: Parsing macros/utils/escape_single_quotes.sql
[0m18:51:02.654563 [debug] [MainThread]: Parsing macros/utils/right.sql
[0m18:51:02.655659 [debug] [MainThread]: Parsing macros/utils/listagg.sql
[0m18:51:02.657980 [debug] [MainThread]: Parsing macros/utils/datediff.sql
[0m18:51:02.659227 [debug] [MainThread]: Parsing macros/utils/safe_cast.sql
[0m18:51:02.660456 [debug] [MainThread]: Parsing macros/utils/hash.sql
[0m18:51:02.661645 [debug] [MainThread]: Parsing macros/utils/cast_bool_to_text.sql
[0m18:51:02.662793 [debug] [MainThread]: Parsing macros/utils/any_value.sql
[0m18:51:02.663883 [debug] [MainThread]: Parsing macros/utils/position.sql
[0m18:51:02.664978 [debug] [MainThread]: Parsing macros/utils/literal.sql
[0m18:51:02.665880 [debug] [MainThread]: Parsing macros/utils/data_types.sql
[0m18:51:02.671957 [debug] [MainThread]: Parsing macros/utils/bool_or.sql
[0m18:51:02.672988 [debug] [MainThread]: Parsing macros/utils/last_day.sql
[0m18:51:02.675810 [debug] [MainThread]: Parsing macros/utils/split_part.sql
[0m18:51:02.677988 [debug] [MainThread]: Parsing macros/utils/date_trunc.sql
[0m18:51:02.679182 [debug] [MainThread]: Parsing macros/adapters/schema.sql
[0m18:51:02.681333 [debug] [MainThread]: Parsing macros/adapters/indexes.sql
[0m18:51:02.684523 [debug] [MainThread]: Parsing macros/adapters/relation.sql
[0m18:51:02.700165 [debug] [MainThread]: Parsing macros/adapters/freshness.sql
[0m18:51:02.703179 [debug] [MainThread]: Parsing macros/adapters/apply_grants.sql
[0m18:51:02.717972 [debug] [MainThread]: Parsing macros/adapters/persist_docs.sql
[0m18:51:02.722566 [debug] [MainThread]: Parsing macros/adapters/metadata.sql
[0m18:51:02.730203 [debug] [MainThread]: Parsing macros/adapters/columns.sql
[0m18:51:02.740364 [debug] [MainThread]: Parsing tests/generic/builtin.sql
[0m18:51:02.743536 [debug] [MainThread]: Parsing macros/cross_db_utils/except.sql
[0m18:51:02.744613 [debug] [MainThread]: Parsing macros/cross_db_utils/replace.sql
[0m18:51:02.746221 [debug] [MainThread]: Parsing macros/cross_db_utils/concat.sql
[0m18:51:02.747777 [debug] [MainThread]: Parsing macros/cross_db_utils/datatypes.sql
[0m18:51:02.754040 [debug] [MainThread]: Parsing macros/cross_db_utils/_is_relation.sql
[0m18:51:02.755225 [debug] [MainThread]: Parsing macros/cross_db_utils/cast_array_to_string.sql
[0m18:51:02.758012 [debug] [MainThread]: Parsing macros/cross_db_utils/length.sql
[0m18:51:02.759884 [debug] [MainThread]: Parsing macros/cross_db_utils/dateadd.sql
[0m18:51:02.763104 [debug] [MainThread]: Parsing macros/cross_db_utils/intersect.sql
[0m18:51:02.764209 [debug] [MainThread]: Parsing macros/cross_db_utils/escape_single_quotes.sql
[0m18:51:02.766114 [debug] [MainThread]: Parsing macros/cross_db_utils/right.sql
[0m18:51:02.768356 [debug] [MainThread]: Parsing macros/cross_db_utils/listagg.sql
[0m18:51:02.777879 [debug] [MainThread]: Parsing macros/cross_db_utils/datediff.sql
[0m18:51:02.788139 [debug] [MainThread]: Parsing macros/cross_db_utils/safe_cast.sql
[0m18:51:02.790034 [debug] [MainThread]: Parsing macros/cross_db_utils/hash.sql
[0m18:51:02.791628 [debug] [MainThread]: Parsing macros/cross_db_utils/cast_bool_to_text.sql
[0m18:51:02.793044 [debug] [MainThread]: Parsing macros/cross_db_utils/identifier.sql
[0m18:51:02.794673 [debug] [MainThread]: Parsing macros/cross_db_utils/any_value.sql
[0m18:51:02.795912 [debug] [MainThread]: Parsing macros/cross_db_utils/position.sql
[0m18:51:02.797632 [debug] [MainThread]: Parsing macros/cross_db_utils/literal.sql
[0m18:51:02.798557 [debug] [MainThread]: Parsing macros/cross_db_utils/current_timestamp.sql
[0m18:51:02.801981 [debug] [MainThread]: Parsing macros/cross_db_utils/width_bucket.sql
[0m18:51:02.807219 [debug] [MainThread]: Parsing macros/cross_db_utils/array_concat.sql
[0m18:51:02.809047 [debug] [MainThread]: Parsing macros/cross_db_utils/bool_or.sql
[0m18:51:02.810744 [debug] [MainThread]: Parsing macros/cross_db_utils/last_day.sql
[0m18:51:02.814315 [debug] [MainThread]: Parsing macros/cross_db_utils/split_part.sql
[0m18:51:02.819974 [debug] [MainThread]: Parsing macros/cross_db_utils/date_trunc.sql
[0m18:51:02.821339 [debug] [MainThread]: Parsing macros/cross_db_utils/array_construct.sql
[0m18:51:02.824013 [debug] [MainThread]: Parsing macros/cross_db_utils/_is_ephemeral.sql
[0m18:51:02.825896 [debug] [MainThread]: Parsing macros/cross_db_utils/array_append.sql
[0m18:51:02.827894 [debug] [MainThread]: Parsing macros/materializations/insert_by_period_materialization.sql
[0m18:51:02.852237 [debug] [MainThread]: Parsing macros/web/get_url_host.sql
[0m18:51:02.854175 [debug] [MainThread]: Parsing macros/web/get_url_path.sql
[0m18:51:02.856796 [debug] [MainThread]: Parsing macros/web/get_url_parameter.sql
[0m18:51:02.858246 [debug] [MainThread]: Parsing macros/generic_tests/fewer_rows_than.sql
[0m18:51:02.859762 [debug] [MainThread]: Parsing macros/generic_tests/equal_rowcount.sql
[0m18:51:02.861340 [debug] [MainThread]: Parsing macros/generic_tests/relationships_where.sql
[0m18:51:02.863344 [debug] [MainThread]: Parsing macros/generic_tests/recency.sql
[0m18:51:02.865044 [debug] [MainThread]: Parsing macros/generic_tests/not_constant.sql
[0m18:51:02.866268 [debug] [MainThread]: Parsing macros/generic_tests/accepted_range.sql
[0m18:51:02.868514 [debug] [MainThread]: Parsing macros/generic_tests/not_accepted_values.sql
[0m18:51:02.870954 [debug] [MainThread]: Parsing macros/generic_tests/test_unique_where.sql
[0m18:51:02.872275 [debug] [MainThread]: Parsing macros/generic_tests/at_least_one.sql
[0m18:51:02.873414 [debug] [MainThread]: Parsing macros/generic_tests/unique_combination_of_columns.sql
[0m18:51:02.876091 [debug] [MainThread]: Parsing macros/generic_tests/cardinality_equality.sql
[0m18:51:02.878287 [debug] [MainThread]: Parsing macros/generic_tests/expression_is_true.sql
[0m18:51:02.879947 [debug] [MainThread]: Parsing macros/generic_tests/not_null_proportion.sql
[0m18:51:02.882069 [debug] [MainThread]: Parsing macros/generic_tests/sequential_values.sql
[0m18:51:02.884842 [debug] [MainThread]: Parsing macros/generic_tests/test_not_null_where.sql
[0m18:51:02.886158 [debug] [MainThread]: Parsing macros/generic_tests/equality.sql
[0m18:51:02.889743 [debug] [MainThread]: Parsing macros/generic_tests/mutually_exclusive_ranges.sql
[0m18:51:02.898231 [debug] [MainThread]: Parsing macros/jinja_helpers/pretty_log_format.sql
[0m18:51:02.899279 [debug] [MainThread]: Parsing macros/jinja_helpers/pretty_time.sql
[0m18:51:02.900381 [debug] [MainThread]: Parsing macros/jinja_helpers/log_info.sql
[0m18:51:02.901392 [debug] [MainThread]: Parsing macros/jinja_helpers/slugify.sql
[0m18:51:02.902458 [debug] [MainThread]: Parsing macros/sql/date_spine.sql
[0m18:51:02.906383 [debug] [MainThread]: Parsing macros/sql/nullcheck_table.sql
[0m18:51:02.907941 [debug] [MainThread]: Parsing macros/sql/get_relations_by_pattern.sql
[0m18:51:02.911300 [debug] [MainThread]: Parsing macros/sql/generate_series.sql
[0m18:51:02.915757 [debug] [MainThread]: Parsing macros/sql/get_relations_by_prefix.sql
[0m18:51:02.919187 [debug] [MainThread]: Parsing macros/sql/get_tables_by_prefix_sql.sql
[0m18:51:02.920810 [debug] [MainThread]: Parsing macros/sql/star.sql
[0m18:51:02.924661 [debug] [MainThread]: Parsing macros/sql/unpivot.sql
[0m18:51:02.932779 [debug] [MainThread]: Parsing macros/sql/union.sql
[0m18:51:02.944549 [debug] [MainThread]: Parsing macros/sql/groupby.sql
[0m18:51:02.946002 [debug] [MainThread]: Parsing macros/sql/deduplicate.sql
[0m18:51:02.953261 [debug] [MainThread]: Parsing macros/sql/surrogate_key.sql
[0m18:51:02.956810 [debug] [MainThread]: Parsing macros/sql/safe_add.sql
[0m18:51:02.958423 [debug] [MainThread]: Parsing macros/sql/nullcheck.sql
[0m18:51:02.960069 [debug] [MainThread]: Parsing macros/sql/get_tables_by_pattern_sql.sql
[0m18:51:02.966769 [debug] [MainThread]: Parsing macros/sql/get_column_values.sql
[0m18:51:02.972793 [debug] [MainThread]: Parsing macros/sql/pivot.sql
[0m18:51:02.976965 [debug] [MainThread]: Parsing macros/sql/get_filtered_columns_in_relation.sql
[0m18:51:02.979706 [debug] [MainThread]: Parsing macros/sql/get_query_results_as_dict.sql
[0m18:51:02.981882 [debug] [MainThread]: Parsing macros/sql/get_table_types_sql.sql
[0m18:51:02.983620 [debug] [MainThread]: Parsing macros/sql/haversine_distance.sql
[0m18:51:02.989361 [debug] [MainThread]: Parsing macros/maintenance_operation.sql
[0m18:51:03.007691 [debug] [MainThread]: Parsing macros/dbt_utils/cross_db_utils/concat.sql
[0m18:51:03.008297 [debug] [MainThread]: Parsing macros/dbt_utils/cross_db_utils/datatypes.sql
[0m18:51:03.008674 [debug] [MainThread]: Parsing macros/dbt_utils/cross_db_utils/dateadd.sql
[0m18:51:03.014091 [debug] [MainThread]: Parsing macros/dbt_utils/cross_db_utils/datediff.sql
[0m18:51:03.027580 [debug] [MainThread]: Parsing macros/dbt_utils/cross_db_utils/current_timestamp.sql
[0m18:51:03.028229 [debug] [MainThread]: Parsing macros/dbt_utils/cross_db_utils/split_part.sql
[0m18:51:03.029471 [debug] [MainThread]: Parsing macros/dbt_utils/sql/get_relations_by_prefix.sql
[0m18:51:03.035082 [debug] [MainThread]: Parsing macros/etc/assert_not_null.sql
[0m18:51:03.036703 [debug] [MainThread]: Parsing macros/snowplow/convert_timezone.sql
[0m18:51:03.037292 [debug] [MainThread]: Parsing macros/enabled_vars.sql
[0m18:51:03.038233 [debug] [MainThread]: Parsing macros/percentile.sql
[0m18:51:03.041687 [debug] [MainThread]: Parsing macros/pivot_json_extract.sql
[0m18:51:03.042703 [debug] [MainThread]: Parsing macros/persist_pass_through_columns.sql
[0m18:51:03.044149 [debug] [MainThread]: Parsing macros/json_parse.sql
[0m18:51:03.049819 [debug] [MainThread]: Parsing macros/max_bool.sql
[0m18:51:03.051231 [debug] [MainThread]: Parsing macros/calculated_fields.sql
[0m18:51:03.052112 [debug] [MainThread]: Parsing macros/seed_data_helper.sql
[0m18:51:03.053500 [debug] [MainThread]: Parsing macros/fill_pass_through_columns.sql
[0m18:51:03.054856 [debug] [MainThread]: Parsing macros/string_agg.sql
[0m18:51:03.057146 [debug] [MainThread]: Parsing macros/timestamp_diff.sql
[0m18:51:03.066837 [debug] [MainThread]: Parsing macros/try_cast.sql
[0m18:51:03.070986 [debug] [MainThread]: Parsing macros/source_relation.sql
[0m18:51:03.073258 [debug] [MainThread]: Parsing macros/first_value.sql
[0m18:51:03.075297 [debug] [MainThread]: Parsing macros/add_dbt_source_relation.sql
[0m18:51:03.075957 [debug] [MainThread]: Parsing macros/add_pass_through_columns.sql
[0m18:51:03.077770 [debug] [MainThread]: Parsing macros/union_relations.sql
[0m18:51:03.086700 [debug] [MainThread]: Parsing macros/snowflake_seed_data.sql
[0m18:51:03.087647 [debug] [MainThread]: Parsing macros/fill_staging_columns.sql
[0m18:51:03.092138 [debug] [MainThread]: Parsing macros/json_extract.sql
[0m18:51:03.095072 [debug] [MainThread]: Parsing macros/collect_freshness.sql
[0m18:51:03.098549 [debug] [MainThread]: Parsing macros/timestamp_add.sql
[0m18:51:03.101822 [debug] [MainThread]: Parsing macros/ceiling.sql
[0m18:51:03.102931 [debug] [MainThread]: Parsing macros/remove_prefix_from_columns.sql
[0m18:51:03.104490 [debug] [MainThread]: Parsing macros/union_data.sql
[0m18:51:03.111052 [debug] [MainThread]: Parsing macros/dummy_coalesce_value.sql
[0m18:51:03.114153 [debug] [MainThread]: Parsing macros/array_agg.sql
[0m18:51:03.115267 [debug] [MainThread]: Parsing macros/empty_variable_warning.sql
[0m18:51:03.116381 [debug] [MainThread]: Parsing macros/enabled_vars_one_true.sql
[0m18:51:03.117339 [debug] [MainThread]: Parsing macros/get_contact_columns.sql
[0m18:51:03.124808 [debug] [MainThread]: Parsing macros/get_account_columns.sql
[0m18:51:03.132771 [debug] [MainThread]: Parsing macros/get_task_columns.sql
[0m18:51:03.139298 [debug] [MainThread]: Parsing macros/get_user_role_columns.sql
[0m18:51:03.141564 [debug] [MainThread]: Parsing macros/get_order_columns.sql
[0m18:51:03.150158 [debug] [MainThread]: Parsing macros/get_user_columns.sql
[0m18:51:03.157140 [debug] [MainThread]: Parsing macros/get_product_2_columns.sql
[0m18:51:03.162775 [debug] [MainThread]: Parsing macros/get_opportunity_columns.sql
[0m18:51:03.170141 [debug] [MainThread]: Parsing macros/get_event_columns.sql
[0m18:51:03.176974 [debug] [MainThread]: Parsing macros/get_lead_columns.sql
[0m18:51:03.188601 [debug] [MainThread]: Parsing macros/get_opportunity_line_item_columns.sql
[0m18:51:03.793117 [debug] [MainThread]: 1699: static parser successfully parsed example/my_first_dbt_model.sql
[0m18:51:03.806823 [debug] [MainThread]: 1699: static parser successfully parsed example/my_second_dbt_model.sql
[0m18:51:03.851222 [debug] [MainThread]: 1603: static parser failed on salesforce__opportunity_enhanced.sql
[0m18:51:03.861310 [debug] [MainThread]: 1602: parser fallback to jinja rendering on salesforce__opportunity_enhanced.sql
[0m18:51:03.862705 [debug] [MainThread]: 1603: static parser failed on salesforce__owner_performance.sql
[0m18:51:03.868188 [debug] [MainThread]: 1602: parser fallback to jinja rendering on salesforce__owner_performance.sql
[0m18:51:03.869463 [debug] [MainThread]: 1603: static parser failed on salesforce__opportunity_line_item_enhanced.sql
[0m18:51:03.879300 [debug] [MainThread]: 1602: parser fallback to jinja rendering on salesforce__opportunity_line_item_enhanced.sql
[0m18:51:03.880606 [debug] [MainThread]: 1699: static parser successfully parsed salesforce__sales_snapshot.sql
[0m18:51:03.883086 [debug] [MainThread]: 1603: static parser failed on salesforce__contact_enhanced.sql
[0m18:51:03.893470 [debug] [MainThread]: 1602: parser fallback to jinja rendering on salesforce__contact_enhanced.sql
[0m18:51:03.895025 [debug] [MainThread]: 1603: static parser failed on salesforce__daily_activity.sql
[0m18:51:03.956221 [debug] [MainThread]: 1602: parser fallback to jinja rendering on salesforce__daily_activity.sql
[0m18:51:03.957677 [debug] [MainThread]: 1603: static parser failed on salesforce__manager_performance.sql
[0m18:51:03.965437 [debug] [MainThread]: 1602: parser fallback to jinja rendering on salesforce__manager_performance.sql
[0m18:51:03.966818 [debug] [MainThread]: 1603: static parser failed on intermediate/int_salesforce__opportunity_aggregation_by_owner.sql
[0m18:51:03.972308 [debug] [MainThread]: 1602: parser fallback to jinja rendering on intermediate/int_salesforce__opportunity_aggregation_by_owner.sql
[0m18:51:03.973589 [debug] [MainThread]: 1603: static parser failed on intermediate/int_salesforce__date_spine.sql
[0m18:51:04.013130 [debug] [MainThread]: 1602: parser fallback to jinja rendering on intermediate/int_salesforce__date_spine.sql
[0m18:51:04.088197 [debug] [MainThread]: 1603: static parser failed on stg_salesforce__opportunity.sql
[0m18:51:04.148969 [debug] [MainThread]: 1602: parser fallback to jinja rendering on stg_salesforce__opportunity.sql
[0m18:51:04.150190 [debug] [MainThread]: 1603: static parser failed on stg_salesforce__user_role.sql
[0m18:51:04.164669 [debug] [MainThread]: 1602: parser fallback to jinja rendering on stg_salesforce__user_role.sql
[0m18:51:04.165851 [debug] [MainThread]: 1603: static parser failed on stg_salesforce__contact.sql
[0m18:51:04.201034 [debug] [MainThread]: 1602: parser fallback to jinja rendering on stg_salesforce__contact.sql
[0m18:51:04.202359 [debug] [MainThread]: 1603: static parser failed on stg_salesforce__account.sql
[0m18:51:04.239825 [debug] [MainThread]: 1602: parser fallback to jinja rendering on stg_salesforce__account.sql
[0m18:51:04.241270 [debug] [MainThread]: 1603: static parser failed on stg_salesforce__lead.sql
[0m18:51:04.288860 [debug] [MainThread]: 1602: parser fallback to jinja rendering on stg_salesforce__lead.sql
[0m18:51:04.290294 [debug] [MainThread]: 1603: static parser failed on stg_salesforce__order.sql
[0m18:51:04.329863 [debug] [MainThread]: 1602: parser fallback to jinja rendering on stg_salesforce__order.sql
[0m18:51:04.331244 [debug] [MainThread]: 1603: static parser failed on stg_salesforce__event.sql
[0m18:51:04.361547 [debug] [MainThread]: 1602: parser fallback to jinja rendering on stg_salesforce__event.sql
[0m18:51:04.362799 [debug] [MainThread]: 1603: static parser failed on stg_salesforce__product_2.sql
[0m18:51:04.390825 [debug] [MainThread]: 1602: parser fallback to jinja rendering on stg_salesforce__product_2.sql
[0m18:51:04.392155 [debug] [MainThread]: 1603: static parser failed on stg_salesforce__opportunity_line_item.sql
[0m18:51:04.422293 [debug] [MainThread]: 1602: parser fallback to jinja rendering on stg_salesforce__opportunity_line_item.sql
[0m18:51:04.423891 [debug] [MainThread]: 1603: static parser failed on stg_salesforce__user.sql
[0m18:51:04.456750 [debug] [MainThread]: 1602: parser fallback to jinja rendering on stg_salesforce__user.sql
[0m18:51:04.458083 [debug] [MainThread]: 1603: static parser failed on stg_salesforce__task.sql
[0m18:51:04.490913 [debug] [MainThread]: 1602: parser fallback to jinja rendering on stg_salesforce__task.sql
[0m18:51:04.492175 [debug] [MainThread]: 1603: static parser failed on tmp/stg_salesforce__user_tmp.sql
[0m18:51:04.497635 [debug] [MainThread]: 1602: parser fallback to jinja rendering on tmp/stg_salesforce__user_tmp.sql
[0m18:51:04.498811 [debug] [MainThread]: 1603: static parser failed on tmp/stg_salesforce__product_2_tmp.sql
[0m18:51:04.504252 [debug] [MainThread]: 1602: parser fallback to jinja rendering on tmp/stg_salesforce__product_2_tmp.sql
[0m18:51:04.505353 [debug] [MainThread]: 1603: static parser failed on tmp/stg_salesforce__lead_tmp.sql
[0m18:51:04.511193 [debug] [MainThread]: 1602: parser fallback to jinja rendering on tmp/stg_salesforce__lead_tmp.sql
[0m18:51:04.512340 [debug] [MainThread]: 1603: static parser failed on tmp/stg_salesforce__opportunity_tmp.sql
[0m18:51:04.518596 [debug] [MainThread]: 1602: parser fallback to jinja rendering on tmp/stg_salesforce__opportunity_tmp.sql
[0m18:51:04.519801 [debug] [MainThread]: 1603: static parser failed on tmp/stg_salesforce__event_tmp.sql
[0m18:51:04.525136 [debug] [MainThread]: 1602: parser fallback to jinja rendering on tmp/stg_salesforce__event_tmp.sql
[0m18:51:04.526268 [debug] [MainThread]: 1603: static parser failed on tmp/stg_salesforce__order_tmp.sql
[0m18:51:04.531818 [debug] [MainThread]: 1602: parser fallback to jinja rendering on tmp/stg_salesforce__order_tmp.sql
[0m18:51:04.532959 [debug] [MainThread]: 1603: static parser failed on tmp/stg_salesforce__task_tmp.sql
[0m18:51:04.538481 [debug] [MainThread]: 1602: parser fallback to jinja rendering on tmp/stg_salesforce__task_tmp.sql
[0m18:51:04.539679 [debug] [MainThread]: 1603: static parser failed on tmp/stg_salesforce__opportunity_line_item_tmp.sql
[0m18:51:04.545169 [debug] [MainThread]: 1602: parser fallback to jinja rendering on tmp/stg_salesforce__opportunity_line_item_tmp.sql
[0m18:51:04.546486 [debug] [MainThread]: 1603: static parser failed on tmp/stg_salesforce__contact_tmp.sql
[0m18:51:04.551605 [debug] [MainThread]: 1602: parser fallback to jinja rendering on tmp/stg_salesforce__contact_tmp.sql
[0m18:51:04.552715 [debug] [MainThread]: 1603: static parser failed on tmp/stg_salesforce__account_tmp.sql
[0m18:51:04.558580 [debug] [MainThread]: 1602: parser fallback to jinja rendering on tmp/stg_salesforce__account_tmp.sql
[0m18:51:04.559715 [debug] [MainThread]: 1603: static parser failed on tmp/stg_salesforce__user_role_tmp.sql
[0m18:51:04.565276 [debug] [MainThread]: 1602: parser fallback to jinja rendering on tmp/stg_salesforce__user_role_tmp.sql
[0m18:51:05.288231 [debug] [MainThread]: Sending event: {'category': 'dbt', 'action': 'load_project', 'label': 'f584b2e7-27c2-4aed-afaa-436924ff7708', 'context': [<snowplow_tracker.self_describing_json.SelfDescribingJson object at 0x10d6cd0a0>]}
[0m18:51:05.322419 [debug] [MainThread]: Sending event: {'category': 'dbt', 'action': 'resource_counts', 'label': 'f584b2e7-27c2-4aed-afaa-436924ff7708', 'context': [<snowplow_tracker.self_describing_json.SelfDescribingJson object at 0x10d6cd940>]}
[0m18:51:05.322777 [info ] [MainThread]: Found 33 models, 38 tests, 0 snapshots, 0 analyses, 631 macros, 0 operations, 0 seed files, 12 sources, 0 exposures, 0 metrics
[0m18:51:05.323014 [debug] [MainThread]: Sending event: {'category': 'dbt', 'action': 'runnable_timing', 'label': 'f584b2e7-27c2-4aed-afaa-436924ff7708', 'context': [<snowplow_tracker.self_describing_json.SelfDescribingJson object at 0x10d712e80>]}
[0m18:51:05.326406 [info ] [MainThread]: 
[0m18:51:05.326920 [debug] [MainThread]: Acquiring new bigquery connection "master"
[0m18:51:05.329535 [debug] [ThreadPool]: Acquiring new bigquery connection "list_dbt-technical-training"
[0m18:51:05.329818 [debug] [ThreadPool]: Opening a new connection, currently in state init
[0m18:51:06.682676 [debug] [ThreadPool]: Acquiring new bigquery connection "list_dbt-technical-training_njv_dbt_transformation"
[0m18:51:06.683238 [debug] [ThreadPool]: Opening a new connection, currently in state closed
[0m18:51:07.320062 [debug] [MainThread]: Sending event: {'category': 'dbt', 'action': 'runnable_timing', 'label': 'f584b2e7-27c2-4aed-afaa-436924ff7708', 'context': [<snowplow_tracker.self_describing_json.SelfDescribingJson object at 0x10d7fe280>]}
[0m18:51:07.321300 [info ] [MainThread]: Concurrency: 32 threads (target='dev')
[0m18:51:07.321988 [info ] [MainThread]: 
[0m18:51:07.335746 [debug] [Thread-1  ]: Began running node model.my_workshop.my_first_dbt_model
[0m18:51:07.336149 [debug] [Thread-2  ]: Began running node model.salesforce.int_salesforce__date_spine
[0m18:51:07.336457 [debug] [Thread-3  ]: Began running node model.salesforce_source.stg_salesforce__account_tmp
[0m18:51:07.336882 [info ] [Thread-1  ]: 1 of 31 START table model njv_dbt_transformation.my_first_dbt_model ............ [RUN]
[0m18:51:07.337141 [debug] [Thread-4  ]: Began running node model.salesforce_source.stg_salesforce__contact_tmp
[0m18:51:07.337622 [debug] [Thread-5  ]: Began running node model.salesforce_source.stg_salesforce__event_tmp
[0m18:51:07.337903 [debug] [Thread-6  ]: Began running node model.salesforce_source.stg_salesforce__lead_tmp
[0m18:51:07.338471 [debug] [Thread-2  ]: Acquiring new bigquery connection "model.salesforce.int_salesforce__date_spine"
[0m18:51:07.338671 [debug] [Thread-7  ]: Began running node model.salesforce_source.stg_salesforce__opportunity_line_item_tmp
[0m18:51:07.338894 [debug] [Thread-8  ]: Began running node model.salesforce_source.stg_salesforce__opportunity_tmp
[0m18:51:07.339091 [debug] [Thread-9  ]: Began running node model.salesforce_source.stg_salesforce__order_tmp
[0m18:51:07.339283 [debug] [Thread-10 ]: Began running node model.salesforce_source.stg_salesforce__product_2_tmp
[0m18:51:07.339614 [info ] [Thread-3  ]: 2 of 31 START view model njv_dbt_transformation.stg_salesforce__account_tmp .... [RUN]
[0m18:51:07.339802 [debug] [Thread-11 ]: Began running node model.salesforce_source.stg_salesforce__task_tmp
[0m18:51:07.340017 [debug] [Thread-12 ]: Began running node model.salesforce_source.stg_salesforce__user_role_tmp
[0m18:51:07.340576 [debug] [Thread-1  ]: Acquiring new bigquery connection "model.my_workshop.my_first_dbt_model"
[0m18:51:07.340855 [debug] [Thread-13 ]: Began running node model.salesforce_source.stg_salesforce__user_tmp
[0m18:51:07.341159 [info ] [Thread-4  ]: 3 of 31 START view model njv_dbt_transformation.stg_salesforce__contact_tmp .... [RUN]
[0m18:51:07.341478 [info ] [Thread-5  ]: 4 of 31 START view model njv_dbt_transformation.stg_salesforce__event_tmp ...... [RUN]
[0m18:51:07.341795 [info ] [Thread-6  ]: 5 of 31 START view model njv_dbt_transformation.stg_salesforce__lead_tmp ....... [RUN]
[0m18:51:07.342026 [debug] [Thread-2  ]: Began compiling node model.salesforce.int_salesforce__date_spine
[0m18:51:07.342307 [info ] [Thread-7  ]: 6 of 31 START view model njv_dbt_transformation.stg_salesforce__opportunity_line_item_tmp  [RUN]
[0m18:51:07.342603 [info ] [Thread-8  ]: 7 of 31 START view model njv_dbt_transformation.stg_salesforce__opportunity_tmp  [RUN]
[0m18:51:07.342887 [info ] [Thread-9  ]: 8 of 31 START view model njv_dbt_transformation.stg_salesforce__order_tmp ...... [RUN]
[0m18:51:07.343238 [info ] [Thread-10 ]: 9 of 31 START view model njv_dbt_transformation.stg_salesforce__product_2_tmp .. [RUN]
[0m18:51:07.343941 [debug] [Thread-3  ]: Acquiring new bigquery connection "model.salesforce_source.stg_salesforce__account_tmp"
[0m18:51:07.344378 [info ] [Thread-11 ]: 10 of 31 START view model njv_dbt_transformation.stg_salesforce__task_tmp ...... [RUN]
[0m18:51:07.344661 [info ] [Thread-12 ]: 11 of 31 START view model njv_dbt_transformation.stg_salesforce__user_role_tmp . [RUN]
[0m18:51:07.344883 [debug] [Thread-1  ]: Began compiling node model.my_workshop.my_first_dbt_model
[0m18:51:07.345211 [info ] [Thread-13 ]: 12 of 31 START view model njv_dbt_transformation.stg_salesforce__user_tmp ...... [RUN]
[0m18:51:07.345874 [debug] [Thread-4  ]: Acquiring new bigquery connection "model.salesforce_source.stg_salesforce__contact_tmp"
[0m18:51:07.346573 [debug] [Thread-5  ]: Acquiring new bigquery connection "model.salesforce_source.stg_salesforce__event_tmp"
[0m18:51:07.346819 [debug] [Thread-2  ]: Compiling model.salesforce.int_salesforce__date_spine
[0m18:51:07.347131 [debug] [Thread-6  ]: Acquiring new bigquery connection "model.salesforce_source.stg_salesforce__lead_tmp"
[0m18:51:07.347785 [debug] [Thread-7  ]: Acquiring new bigquery connection "model.salesforce_source.stg_salesforce__opportunity_line_item_tmp"
[0m18:51:07.348406 [debug] [Thread-8  ]: Acquiring new bigquery connection "model.salesforce_source.stg_salesforce__opportunity_tmp"
[0m18:51:07.348951 [debug] [Thread-9  ]: Acquiring new bigquery connection "model.salesforce_source.stg_salesforce__order_tmp"
[0m18:51:07.349301 [debug] [Thread-3  ]: Began compiling node model.salesforce_source.stg_salesforce__account_tmp
[0m18:51:07.349626 [debug] [Thread-10 ]: Acquiring new bigquery connection "model.salesforce_source.stg_salesforce__product_2_tmp"
[0m18:51:07.350194 [debug] [Thread-11 ]: Acquiring new bigquery connection "model.salesforce_source.stg_salesforce__task_tmp"
[0m18:51:07.350671 [debug] [Thread-12 ]: Acquiring new bigquery connection "model.salesforce_source.stg_salesforce__user_role_tmp"
[0m18:51:07.350868 [debug] [Thread-1  ]: Compiling model.my_workshop.my_first_dbt_model
[0m18:51:07.351385 [debug] [Thread-13 ]: Acquiring new bigquery connection "model.salesforce_source.stg_salesforce__user_tmp"
[0m18:51:07.351554 [debug] [Thread-4  ]: Began compiling node model.salesforce_source.stg_salesforce__contact_tmp
[0m18:51:07.351720 [debug] [Thread-5  ]: Began compiling node model.salesforce_source.stg_salesforce__event_tmp
[0m18:51:07.364681 [debug] [Thread-6  ]: Began compiling node model.salesforce_source.stg_salesforce__lead_tmp
[0m18:51:07.368978 [debug] [Thread-2  ]: Opening a new connection, currently in state init
[0m18:51:07.369243 [debug] [Thread-7  ]: Began compiling node model.salesforce_source.stg_salesforce__opportunity_line_item_tmp
[0m18:51:07.369392 [debug] [Thread-8  ]: Began compiling node model.salesforce_source.stg_salesforce__opportunity_tmp
[0m18:51:07.369577 [debug] [Thread-9  ]: Began compiling node model.salesforce_source.stg_salesforce__order_tmp
[0m18:51:07.369736 [debug] [Thread-3  ]: Compiling model.salesforce_source.stg_salesforce__account_tmp
[0m18:51:07.369860 [debug] [Thread-10 ]: Began compiling node model.salesforce_source.stg_salesforce__product_2_tmp
[0m18:51:07.369975 [debug] [Thread-11 ]: Began compiling node model.salesforce_source.stg_salesforce__task_tmp
[0m18:51:07.370106 [debug] [Thread-12 ]: Began compiling node model.salesforce_source.stg_salesforce__user_role_tmp
[0m18:51:07.372087 [debug] [Thread-13 ]: Began compiling node model.salesforce_source.stg_salesforce__user_tmp
[0m18:51:07.373323 [debug] [Thread-4  ]: Compiling model.salesforce_source.stg_salesforce__contact_tmp
[0m18:51:07.376293 [debug] [Thread-1  ]: Writing injected SQL for node "model.my_workshop.my_first_dbt_model"
[0m18:51:07.376639 [debug] [Thread-5  ]: Compiling model.salesforce_source.stg_salesforce__event_tmp
[0m18:51:07.377152 [debug] [Thread-6  ]: Compiling model.salesforce_source.stg_salesforce__lead_tmp
[0m18:51:07.377674 [debug] [Thread-7  ]: Compiling model.salesforce_source.stg_salesforce__opportunity_line_item_tmp
[0m18:51:07.377906 [debug] [Thread-8  ]: Compiling model.salesforce_source.stg_salesforce__opportunity_tmp
[0m18:51:07.378053 [debug] [Thread-9  ]: Compiling model.salesforce_source.stg_salesforce__order_tmp
[0m18:51:07.382660 [debug] [Thread-3  ]: Writing injected SQL for node "model.salesforce_source.stg_salesforce__account_tmp"
[0m18:51:07.382977 [debug] [Thread-10 ]: Compiling model.salesforce_source.stg_salesforce__product_2_tmp
[0m18:51:07.383186 [debug] [Thread-11 ]: Compiling model.salesforce_source.stg_salesforce__task_tmp
[0m18:51:07.383403 [debug] [Thread-12 ]: Compiling model.salesforce_source.stg_salesforce__user_role_tmp
[0m18:51:07.383595 [debug] [Thread-13 ]: Compiling model.salesforce_source.stg_salesforce__user_tmp
[0m18:51:07.388394 [debug] [Thread-4  ]: Writing injected SQL for node "model.salesforce_source.stg_salesforce__contact_tmp"
[0m18:51:07.388917 [debug] [Thread-2  ]: On model.salesforce.int_salesforce__date_spine: /* {"app": "dbt", "dbt_version": "1.2.0", "profile_name": "my_workshop", "target_name": "dev", "node_id": "model.salesforce.int_salesforce__date_spine"} */

    
        select  min( created_date ) as min_date from `dbt-technical-training`.`njv_salesforce_sandbox`.`lead`
    
  
[0m18:51:07.393987 [debug] [Thread-5  ]: Writing injected SQL for node "model.salesforce_source.stg_salesforce__event_tmp"
[0m18:51:07.399506 [debug] [Thread-6  ]: Writing injected SQL for node "model.salesforce_source.stg_salesforce__lead_tmp"
[0m18:51:07.405158 [debug] [Thread-7  ]: Writing injected SQL for node "model.salesforce_source.stg_salesforce__opportunity_line_item_tmp"
[0m18:51:07.405445 [debug] [Thread-1  ]: finished collecting timing info
[0m18:51:07.410510 [debug] [Thread-8  ]: Writing injected SQL for node "model.salesforce_source.stg_salesforce__opportunity_tmp"
[0m18:51:07.416034 [debug] [Thread-9  ]: Writing injected SQL for node "model.salesforce_source.stg_salesforce__order_tmp"
[0m18:51:07.421583 [debug] [Thread-10 ]: Writing injected SQL for node "model.salesforce_source.stg_salesforce__product_2_tmp"
[0m18:51:07.426606 [debug] [Thread-11 ]: Writing injected SQL for node "model.salesforce_source.stg_salesforce__task_tmp"
[0m18:51:07.431749 [debug] [Thread-12 ]: Writing injected SQL for node "model.salesforce_source.stg_salesforce__user_role_tmp"
[0m18:51:07.437161 [debug] [Thread-13 ]: Writing injected SQL for node "model.salesforce_source.stg_salesforce__user_tmp"
[0m18:51:07.439447 [debug] [Thread-5  ]: finished collecting timing info
[0m18:51:07.439806 [debug] [Thread-3  ]: finished collecting timing info
[0m18:51:07.440228 [debug] [Thread-4  ]: finished collecting timing info
[0m18:51:07.440368 [debug] [Thread-6  ]: finished collecting timing info
[0m18:51:07.441261 [debug] [Thread-1  ]: Began executing node model.my_workshop.my_first_dbt_model
[0m18:51:07.442802 [debug] [Thread-7  ]: finished collecting timing info
[0m18:51:07.443591 [debug] [Thread-8  ]: finished collecting timing info
[0m18:51:07.444001 [debug] [Thread-9  ]: finished collecting timing info
[0m18:51:07.444348 [debug] [Thread-10 ]: finished collecting timing info
[0m18:51:07.444766 [debug] [Thread-11 ]: finished collecting timing info
[0m18:51:07.445054 [debug] [Thread-5  ]: Began executing node model.salesforce_source.stg_salesforce__event_tmp
[0m18:51:07.445170 [debug] [Thread-12 ]: finished collecting timing info
[0m18:51:07.445334 [debug] [Thread-3  ]: Began executing node model.salesforce_source.stg_salesforce__account_tmp
[0m18:51:07.445518 [debug] [Thread-13 ]: finished collecting timing info
[0m18:51:07.445638 [debug] [Thread-4  ]: Began executing node model.salesforce_source.stg_salesforce__contact_tmp
[0m18:51:07.445793 [debug] [Thread-6  ]: Began executing node model.salesforce_source.stg_salesforce__lead_tmp
[0m18:51:07.463236 [debug] [Thread-1  ]: Opening a new connection, currently in state closed
[0m18:51:07.463457 [debug] [Thread-7  ]: Began executing node model.salesforce_source.stg_salesforce__opportunity_line_item_tmp
[0m18:51:07.463662 [debug] [Thread-8  ]: Began executing node model.salesforce_source.stg_salesforce__opportunity_tmp
[0m18:51:07.463794 [debug] [Thread-9  ]: Began executing node model.salesforce_source.stg_salesforce__order_tmp
[0m18:51:07.463922 [debug] [Thread-10 ]: Began executing node model.salesforce_source.stg_salesforce__product_2_tmp
[0m18:51:07.464046 [debug] [Thread-11 ]: Began executing node model.salesforce_source.stg_salesforce__task_tmp
[0m18:51:07.470681 [debug] [Thread-12 ]: Began executing node model.salesforce_source.stg_salesforce__user_role_tmp
[0m18:51:07.493262 [debug] [Thread-3  ]: Writing runtime SQL for node "model.salesforce_source.stg_salesforce__account_tmp"
[0m18:51:07.494647 [debug] [Thread-5  ]: Writing runtime SQL for node "model.salesforce_source.stg_salesforce__event_tmp"
[0m18:51:07.494878 [debug] [Thread-13 ]: Began executing node model.salesforce_source.stg_salesforce__user_tmp
[0m18:51:07.498527 [debug] [Thread-4  ]: Writing runtime SQL for node "model.salesforce_source.stg_salesforce__contact_tmp"
[0m18:51:07.555402 [debug] [Thread-6  ]: Writing runtime SQL for node "model.salesforce_source.stg_salesforce__lead_tmp"
[0m18:51:07.559765 [debug] [Thread-7  ]: Writing runtime SQL for node "model.salesforce_source.stg_salesforce__opportunity_line_item_tmp"
[0m18:51:07.563165 [debug] [Thread-8  ]: Writing runtime SQL for node "model.salesforce_source.stg_salesforce__opportunity_tmp"
[0m18:51:07.566598 [debug] [Thread-9  ]: Writing runtime SQL for node "model.salesforce_source.stg_salesforce__order_tmp"
[0m18:51:07.570313 [debug] [Thread-10 ]: Writing runtime SQL for node "model.salesforce_source.stg_salesforce__product_2_tmp"
[0m18:51:07.577064 [debug] [Thread-11 ]: Writing runtime SQL for node "model.salesforce_source.stg_salesforce__task_tmp"
[0m18:51:07.582825 [debug] [Thread-12 ]: Writing runtime SQL for node "model.salesforce_source.stg_salesforce__user_role_tmp"
[0m18:51:07.588264 [debug] [Thread-13 ]: Writing runtime SQL for node "model.salesforce_source.stg_salesforce__user_tmp"
[0m18:51:07.589466 [debug] [Thread-3  ]: Opening a new connection, currently in state init
[0m18:51:07.589880 [debug] [Thread-5  ]: Opening a new connection, currently in state init
[0m18:51:07.590169 [debug] [Thread-6  ]: Opening a new connection, currently in state init
[0m18:51:07.590339 [debug] [Thread-4  ]: Opening a new connection, currently in state init
[0m18:51:07.590739 [debug] [Thread-7  ]: Opening a new connection, currently in state init
[0m18:51:07.591276 [debug] [Thread-9  ]: Opening a new connection, currently in state init
[0m18:51:07.591499 [debug] [Thread-8  ]: Opening a new connection, currently in state init
[0m18:51:07.592198 [debug] [Thread-10 ]: Opening a new connection, currently in state init
[0m18:51:07.592741 [debug] [Thread-11 ]: Opening a new connection, currently in state init
[0m18:51:07.601980 [debug] [Thread-3  ]: On model.salesforce_source.stg_salesforce__account_tmp: /* {"app": "dbt", "dbt_version": "1.2.0", "profile_name": "my_workshop", "target_name": "dev", "node_id": "model.salesforce_source.stg_salesforce__account_tmp"} */


  create or replace view `dbt-technical-training`.`njv_dbt_transformation`.`stg_salesforce__account_tmp`
  OPTIONS()
  as select *
from `dbt-technical-training`.`njv_salesforce_sandbox`.`account`
;


[0m18:51:07.593122 [debug] [Thread-12 ]: Opening a new connection, currently in state init
[0m18:51:07.593311 [debug] [Thread-13 ]: Opening a new connection, currently in state init
[0m18:51:07.603610 [debug] [Thread-4  ]: On model.salesforce_source.stg_salesforce__contact_tmp: /* {"app": "dbt", "dbt_version": "1.2.0", "profile_name": "my_workshop", "target_name": "dev", "node_id": "model.salesforce_source.stg_salesforce__contact_tmp"} */


  create or replace view `dbt-technical-training`.`njv_dbt_transformation`.`stg_salesforce__contact_tmp`
  OPTIONS()
  as select * 
from `dbt-technical-training`.`njv_salesforce_sandbox`.`contact`
;


[0m18:51:07.605500 [debug] [Thread-8  ]: On model.salesforce_source.stg_salesforce__opportunity_tmp: /* {"app": "dbt", "dbt_version": "1.2.0", "profile_name": "my_workshop", "target_name": "dev", "node_id": "model.salesforce_source.stg_salesforce__opportunity_tmp"} */


  create or replace view `dbt-technical-training`.`njv_dbt_transformation`.`stg_salesforce__opportunity_tmp`
  OPTIONS()
  as select *
from `dbt-technical-training`.`njv_salesforce_sandbox`.`opportunity`
;


[0m18:51:07.607061 [debug] [Thread-10 ]: On model.salesforce_source.stg_salesforce__product_2_tmp: /* {"app": "dbt", "dbt_version": "1.2.0", "profile_name": "my_workshop", "target_name": "dev", "node_id": "model.salesforce_source.stg_salesforce__product_2_tmp"} */


  create or replace view `dbt-technical-training`.`njv_dbt_transformation`.`stg_salesforce__product_2_tmp`
  OPTIONS()
  as --To disable this model, set the below variable within your dbt_project.yml file to False.


select * 
from `dbt-technical-training`.`njv_salesforce_sandbox`.`product_2`
;


[0m18:51:07.607409 [debug] [Thread-6  ]: On model.salesforce_source.stg_salesforce__lead_tmp: /* {"app": "dbt", "dbt_version": "1.2.0", "profile_name": "my_workshop", "target_name": "dev", "node_id": "model.salesforce_source.stg_salesforce__lead_tmp"} */


  create or replace view `dbt-technical-training`.`njv_dbt_transformation`.`stg_salesforce__lead_tmp`
  OPTIONS()
  as --To disable this model, set the below variable within your dbt_project.yml file to False.


select * 
from `dbt-technical-training`.`njv_salesforce_sandbox`.`lead`
;


[0m18:51:07.607645 [debug] [Thread-5  ]: On model.salesforce_source.stg_salesforce__event_tmp: /* {"app": "dbt", "dbt_version": "1.2.0", "profile_name": "my_workshop", "target_name": "dev", "node_id": "model.salesforce_source.stg_salesforce__event_tmp"} */


  create or replace view `dbt-technical-training`.`njv_dbt_transformation`.`stg_salesforce__event_tmp`
  OPTIONS()
  as --To disable this model, set the below variable within your dbt_project.yml file to False.


select * 
from `dbt-technical-training`.`njv_salesforce_sandbox`.`event`
;


[0m18:51:07.608515 [debug] [Thread-7  ]: On model.salesforce_source.stg_salesforce__opportunity_line_item_tmp: /* {"app": "dbt", "dbt_version": "1.2.0", "profile_name": "my_workshop", "target_name": "dev", "node_id": "model.salesforce_source.stg_salesforce__opportunity_line_item_tmp"} */


  create or replace view `dbt-technical-training`.`njv_dbt_transformation`.`stg_salesforce__opportunity_line_item_tmp`
  OPTIONS()
  as --To disable this model, set the below variable within your dbt_project.yml file to False.


select * 
from `dbt-technical-training`.`njv_salesforce_sandbox`.`opportunity_line_item`
;


[0m18:51:07.610162 [debug] [Thread-11 ]: On model.salesforce_source.stg_salesforce__task_tmp: /* {"app": "dbt", "dbt_version": "1.2.0", "profile_name": "my_workshop", "target_name": "dev", "node_id": "model.salesforce_source.stg_salesforce__task_tmp"} */


  create or replace view `dbt-technical-training`.`njv_dbt_transformation`.`stg_salesforce__task_tmp`
  OPTIONS()
  as --To disable this model, set the below variable within your dbt_project.yml file to False.


select * 
from `dbt-technical-training`.`njv_salesforce_sandbox`.`task`
;


[0m18:51:07.616279 [debug] [Thread-13 ]: On model.salesforce_source.stg_salesforce__user_tmp: /* {"app": "dbt", "dbt_version": "1.2.0", "profile_name": "my_workshop", "target_name": "dev", "node_id": "model.salesforce_source.stg_salesforce__user_tmp"} */


  create or replace view `dbt-technical-training`.`njv_dbt_transformation`.`stg_salesforce__user_tmp`
  OPTIONS()
  as select *
from `dbt-technical-training`.`njv_salesforce_sandbox`.`user`
;


[0m18:51:07.618715 [debug] [Thread-9  ]: On model.salesforce_source.stg_salesforce__order_tmp: /* {"app": "dbt", "dbt_version": "1.2.0", "profile_name": "my_workshop", "target_name": "dev", "node_id": "model.salesforce_source.stg_salesforce__order_tmp"} */


  create or replace view `dbt-technical-training`.`njv_dbt_transformation`.`stg_salesforce__order_tmp`
  OPTIONS()
  as --To disable this model, set the below variable within your dbt_project.yml file to False.


select *
from `dbt-technical-training`.`njv_salesforce_sandbox`.`order`
;


[0m18:51:07.620978 [debug] [Thread-12 ]: On model.salesforce_source.stg_salesforce__user_role_tmp: /* {"app": "dbt", "dbt_version": "1.2.0", "profile_name": "my_workshop", "target_name": "dev", "node_id": "model.salesforce_source.stg_salesforce__user_role_tmp"} */


  create or replace view `dbt-technical-training`.`njv_dbt_transformation`.`stg_salesforce__user_role_tmp`
  OPTIONS()
  as --To disable this model, set the below variable within your dbt_project.yml file to False.


select *
from `dbt-technical-training`.`njv_salesforce_sandbox`.`user_role`
;


[0m18:51:08.173133 [debug] [Thread-2  ]: BigQuery adapter: Unhandled error while running:
/* {"app": "dbt", "dbt_version": "1.2.0", "profile_name": "my_workshop", "target_name": "dev", "node_id": "model.salesforce.int_salesforce__date_spine"} */

    
        select  min( created_date ) as min_date from `dbt-technical-training`.`njv_salesforce_sandbox`.`lead`
    
  
[0m18:51:08.173608 [debug] [Thread-2  ]: BigQuery adapter: 404 Not found: Table dbt-technical-training:njv_salesforce_sandbox.lead was not found in location US

Location: US
Job ID: 4117ce58-a580-416d-b0d9-9d3710a8b86a

[0m18:51:08.181849 [debug] [Thread-2  ]: finished collecting timing info
[0m18:51:08.183447 [debug] [Thread-2  ]: Runtime Error in model int_salesforce__date_spine (models/intermediate/int_salesforce__date_spine.sql)
  404 Not found: Table dbt-technical-training:njv_salesforce_sandbox.lead was not found in location US
  
  Location: US
  Job ID: 4117ce58-a580-416d-b0d9-9d3710a8b86a
  
[0m18:51:08.184300 [debug] [Thread-2  ]: Finished running node model.salesforce.int_salesforce__date_spine
[0m18:51:08.298836 [debug] [Thread-1  ]: Writing runtime SQL for node "model.my_workshop.my_first_dbt_model"
[0m18:51:08.300523 [debug] [Thread-1  ]: On model.my_workshop.my_first_dbt_model: /* {"app": "dbt", "dbt_version": "1.2.0", "profile_name": "my_workshop", "target_name": "dev", "node_id": "model.my_workshop.my_first_dbt_model"} */


  create or replace table `dbt-technical-training`.`njv_dbt_transformation`.`my_first_dbt_model`
  
  
  OPTIONS()
  as (
    /*
    Welcome to your first dbt model!
    Did you know that you can also configure models directly within SQL files?
    This will override configurations stated in dbt_project.yml

    Try changing "table" to "view" below
*/



with source_data as (

    select 1 as id
    union all
    select null as id

)

select *
from source_data

/*
    Uncomment the line below to remove records with null `id` values
*/

-- where id is not null
  );
  
[0m18:51:08.316912 [debug] [Thread-4  ]: BigQuery adapter: Unhandled error while running:
/* {"app": "dbt", "dbt_version": "1.2.0", "profile_name": "my_workshop", "target_name": "dev", "node_id": "model.salesforce_source.stg_salesforce__contact_tmp"} */


  create or replace view `dbt-technical-training`.`njv_dbt_transformation`.`stg_salesforce__contact_tmp`
  OPTIONS()
  as select * 
from `dbt-technical-training`.`njv_salesforce_sandbox`.`contact`
;


[0m18:51:08.317258 [debug] [Thread-4  ]: BigQuery adapter: 404 Not found: Table dbt-technical-training:njv_salesforce_sandbox.contact was not found in location US

Location: US
Job ID: 96b28362-1f28-4069-b09a-d1572e8e24b0

[0m18:51:08.317677 [debug] [Thread-4  ]: finished collecting timing info
[0m18:51:08.318254 [debug] [Thread-4  ]: Runtime Error in model stg_salesforce__contact_tmp (models/tmp/stg_salesforce__contact_tmp.sql)
  404 Not found: Table dbt-technical-training:njv_salesforce_sandbox.contact was not found in location US
  
  Location: US
  Job ID: 96b28362-1f28-4069-b09a-d1572e8e24b0
  
[0m18:51:08.318653 [debug] [Thread-4  ]: Sending event: {'category': 'dbt', 'action': 'run_model', 'label': 'f584b2e7-27c2-4aed-afaa-436924ff7708', 'context': [<snowplow_tracker.self_describing_json.SelfDescribingJson object at 0x10da9d1c0>]}
[0m18:51:08.319150 [error] [Thread-4  ]: 3 of 31 ERROR creating view model njv_dbt_transformation.stg_salesforce__contact_tmp  [[31mERROR[0m in 0.97s]
[0m18:51:08.319760 [debug] [Thread-4  ]: Finished running node model.salesforce_source.stg_salesforce__contact_tmp
[0m18:51:08.321027 [debug] [Thread-15 ]: Began running node model.salesforce_source.stg_salesforce__contact
[0m18:51:08.321522 [info ] [Thread-15 ]: 13 of 31 SKIP relation njv_dbt_transformation.stg_salesforce__contact .......... [[33mSKIP[0m]
[0m18:51:08.322416 [debug] [Thread-15 ]: Finished running node model.salesforce_source.stg_salesforce__contact
[0m18:51:08.375073 [debug] [Thread-11 ]: BigQuery adapter: Unhandled error while running:
/* {"app": "dbt", "dbt_version": "1.2.0", "profile_name": "my_workshop", "target_name": "dev", "node_id": "model.salesforce_source.stg_salesforce__task_tmp"} */


  create or replace view `dbt-technical-training`.`njv_dbt_transformation`.`stg_salesforce__task_tmp`
  OPTIONS()
  as --To disable this model, set the below variable within your dbt_project.yml file to False.


select * 
from `dbt-technical-training`.`njv_salesforce_sandbox`.`task`
;


[0m18:51:08.375434 [debug] [Thread-11 ]: BigQuery adapter: 404 Not found: Table dbt-technical-training:njv_salesforce_sandbox.task was not found in location US

Location: US
Job ID: 1fcae1c3-f7d6-420f-a59f-bb8b0b296e36

[0m18:51:08.375904 [debug] [Thread-11 ]: finished collecting timing info
[0m18:51:08.377011 [debug] [Thread-11 ]: Runtime Error in model stg_salesforce__task_tmp (models/tmp/stg_salesforce__task_tmp.sql)
  404 Not found: Table dbt-technical-training:njv_salesforce_sandbox.task was not found in location US
  
  Location: US
  Job ID: 1fcae1c3-f7d6-420f-a59f-bb8b0b296e36
  
[0m18:51:08.377455 [debug] [Thread-11 ]: Sending event: {'category': 'dbt', 'action': 'run_model', 'label': 'f584b2e7-27c2-4aed-afaa-436924ff7708', 'context': [<snowplow_tracker.self_describing_json.SelfDescribingJson object at 0x10d94f940>]}
[0m18:51:08.378000 [error] [Thread-11 ]: 10 of 31 ERROR creating view model njv_dbt_transformation.stg_salesforce__task_tmp  [[31mERROR[0m in 1.03s]
[0m18:51:08.382074 [debug] [Thread-11 ]: Finished running node model.salesforce_source.stg_salesforce__task_tmp
[0m18:51:08.384379 [debug] [Thread-7  ]: BigQuery adapter: Unhandled error while running:
/* {"app": "dbt", "dbt_version": "1.2.0", "profile_name": "my_workshop", "target_name": "dev", "node_id": "model.salesforce_source.stg_salesforce__opportunity_line_item_tmp"} */


  create or replace view `dbt-technical-training`.`njv_dbt_transformation`.`stg_salesforce__opportunity_line_item_tmp`
  OPTIONS()
  as --To disable this model, set the below variable within your dbt_project.yml file to False.


select * 
from `dbt-technical-training`.`njv_salesforce_sandbox`.`opportunity_line_item`
;


[0m18:51:08.384759 [debug] [Thread-7  ]: BigQuery adapter: 404 Not found: Table dbt-technical-training:njv_salesforce_sandbox.opportunity_line_item was not found in location US

Location: US
Job ID: 280ae2b9-edd8-47cc-a6c0-3105e710c1bf

[0m18:51:08.385547 [debug] [Thread-7  ]: finished collecting timing info
[0m18:51:08.386238 [debug] [Thread-7  ]: Runtime Error in model stg_salesforce__opportunity_line_item_tmp (models/tmp/stg_salesforce__opportunity_line_item_tmp.sql)
  404 Not found: Table dbt-technical-training:njv_salesforce_sandbox.opportunity_line_item was not found in location US
  
  Location: US
  Job ID: 280ae2b9-edd8-47cc-a6c0-3105e710c1bf
  
[0m18:51:08.387026 [debug] [Thread-9  ]: BigQuery adapter: Unhandled error while running:
/* {"app": "dbt", "dbt_version": "1.2.0", "profile_name": "my_workshop", "target_name": "dev", "node_id": "model.salesforce_source.stg_salesforce__order_tmp"} */


  create or replace view `dbt-technical-training`.`njv_dbt_transformation`.`stg_salesforce__order_tmp`
  OPTIONS()
  as --To disable this model, set the below variable within your dbt_project.yml file to False.


select *
from `dbt-technical-training`.`njv_salesforce_sandbox`.`order`
;


[0m18:51:08.387392 [debug] [Thread-7  ]: Sending event: {'category': 'dbt', 'action': 'run_model', 'label': 'f584b2e7-27c2-4aed-afaa-436924ff7708', 'context': [<snowplow_tracker.self_describing_json.SelfDescribingJson object at 0x10dae71c0>]}
[0m18:51:08.387619 [debug] [Thread-17 ]: Began running node model.salesforce_source.stg_salesforce__task
[0m18:51:08.388618 [debug] [Thread-9  ]: BigQuery adapter: 404 Not found: Table dbt-technical-training:njv_salesforce_sandbox.order was not found in location US

Location: US
Job ID: 830826f1-3784-45df-85b1-022e0454a6d8

[0m18:51:08.389600 [error] [Thread-7  ]: 6 of 31 ERROR creating view model njv_dbt_transformation.stg_salesforce__opportunity_line_item_tmp  [[31mERROR[0m in 1.04s]
[0m18:51:08.389851 [info ] [Thread-17 ]: 14 of 31 SKIP relation njv_dbt_transformation.stg_salesforce__task ............. [[33mSKIP[0m]
[0m18:51:08.390964 [debug] [Thread-9  ]: finished collecting timing info
[0m18:51:08.392273 [debug] [Thread-7  ]: Finished running node model.salesforce_source.stg_salesforce__opportunity_line_item_tmp
[0m18:51:08.393500 [debug] [Thread-17 ]: Finished running node model.salesforce_source.stg_salesforce__task
[0m18:51:08.394278 [debug] [Thread-9  ]: Runtime Error in model stg_salesforce__order_tmp (models/tmp/stg_salesforce__order_tmp.sql)
  404 Not found: Table dbt-technical-training:njv_salesforce_sandbox.order was not found in location US
  
  Location: US
  Job ID: 830826f1-3784-45df-85b1-022e0454a6d8
  
[0m18:51:08.395322 [debug] [Thread-17 ]: Began running node model.salesforce_source.stg_salesforce__opportunity_line_item
[0m18:51:08.395971 [debug] [Thread-9  ]: Sending event: {'category': 'dbt', 'action': 'run_model', 'label': 'f584b2e7-27c2-4aed-afaa-436924ff7708', 'context': [<snowplow_tracker.self_describing_json.SelfDescribingJson object at 0x10dab6910>]}
[0m18:51:08.396334 [info ] [Thread-17 ]: 15 of 31 SKIP relation njv_dbt_transformation.stg_salesforce__opportunity_line_item  [[33mSKIP[0m]
[0m18:51:08.397806 [error] [Thread-9  ]: 8 of 31 ERROR creating view model njv_dbt_transformation.stg_salesforce__order_tmp  [[31mERROR[0m in 1.05s]
[0m18:51:08.398615 [debug] [Thread-17 ]: Finished running node model.salesforce_source.stg_salesforce__opportunity_line_item
[0m18:51:08.399317 [debug] [Thread-9  ]: Finished running node model.salesforce_source.stg_salesforce__order_tmp
[0m18:51:08.400174 [debug] [Thread-5  ]: BigQuery adapter: Unhandled error while running:
/* {"app": "dbt", "dbt_version": "1.2.0", "profile_name": "my_workshop", "target_name": "dev", "node_id": "model.salesforce_source.stg_salesforce__event_tmp"} */


  create or replace view `dbt-technical-training`.`njv_dbt_transformation`.`stg_salesforce__event_tmp`
  OPTIONS()
  as --To disable this model, set the below variable within your dbt_project.yml file to False.


select * 
from `dbt-technical-training`.`njv_salesforce_sandbox`.`event`
;


[0m18:51:08.404846 [debug] [Thread-20 ]: Began running node model.salesforce_source.stg_salesforce__order
[0m18:51:08.405516 [debug] [Thread-10 ]: BigQuery adapter: Unhandled error while running:
/* {"app": "dbt", "dbt_version": "1.2.0", "profile_name": "my_workshop", "target_name": "dev", "node_id": "model.salesforce_source.stg_salesforce__product_2_tmp"} */


  create or replace view `dbt-technical-training`.`njv_dbt_transformation`.`stg_salesforce__product_2_tmp`
  OPTIONS()
  as --To disable this model, set the below variable within your dbt_project.yml file to False.


select * 
from `dbt-technical-training`.`njv_salesforce_sandbox`.`product_2`
;


[0m18:51:08.406334 [debug] [Thread-5  ]: BigQuery adapter: 404 Not found: Table dbt-technical-training:njv_salesforce_sandbox.event was not found in location US

Location: US
Job ID: 49863da6-2998-4acf-aa36-29a817f1a7e4

[0m18:51:08.408300 [info ] [Thread-20 ]: 16 of 31 SKIP relation njv_dbt_transformation.stg_salesforce__order ............ [[33mSKIP[0m]
[0m18:51:08.408842 [debug] [Thread-10 ]: BigQuery adapter: 404 Not found: Table dbt-technical-training:njv_salesforce_sandbox.product_2 was not found in location US

Location: US
Job ID: 3e502938-9401-474d-8e86-52e71a61f10b

[0m18:51:08.409938 [debug] [Thread-5  ]: finished collecting timing info
[0m18:51:08.410753 [debug] [Thread-20 ]: Finished running node model.salesforce_source.stg_salesforce__order
[0m18:51:08.412082 [debug] [Thread-10 ]: finished collecting timing info
[0m18:51:08.413003 [debug] [Thread-5  ]: Runtime Error in model stg_salesforce__event_tmp (models/tmp/stg_salesforce__event_tmp.sql)
  404 Not found: Table dbt-technical-training:njv_salesforce_sandbox.event was not found in location US
  
  Location: US
  Job ID: 49863da6-2998-4acf-aa36-29a817f1a7e4
  
[0m18:51:08.413719 [debug] [Thread-10 ]: Runtime Error in model stg_salesforce__product_2_tmp (models/tmp/stg_salesforce__product_2_tmp.sql)
  404 Not found: Table dbt-technical-training:njv_salesforce_sandbox.product_2 was not found in location US
  
  Location: US
  Job ID: 3e502938-9401-474d-8e86-52e71a61f10b
  
[0m18:51:08.414093 [debug] [Thread-5  ]: Sending event: {'category': 'dbt', 'action': 'run_model', 'label': 'f584b2e7-27c2-4aed-afaa-436924ff7708', 'context': [<snowplow_tracker.self_describing_json.SelfDescribingJson object at 0x10d7fb6a0>]}
[0m18:51:08.414294 [debug] [Thread-10 ]: Sending event: {'category': 'dbt', 'action': 'run_model', 'label': 'f584b2e7-27c2-4aed-afaa-436924ff7708', 'context': [<snowplow_tracker.self_describing_json.SelfDescribingJson object at 0x10d5927c0>]}
[0m18:51:08.414744 [error] [Thread-5  ]: 4 of 31 ERROR creating view model njv_dbt_transformation.stg_salesforce__event_tmp  [[31mERROR[0m in 1.07s]
[0m18:51:08.415010 [error] [Thread-10 ]: 9 of 31 ERROR creating view model njv_dbt_transformation.stg_salesforce__product_2_tmp  [[31mERROR[0m in 1.06s]
[0m18:51:08.415369 [debug] [Thread-5  ]: Finished running node model.salesforce_source.stg_salesforce__event_tmp
[0m18:51:08.415831 [debug] [Thread-10 ]: Finished running node model.salesforce_source.stg_salesforce__product_2_tmp
[0m18:51:08.416581 [debug] [Thread-22 ]: Began running node model.salesforce_source.stg_salesforce__event
[0m18:51:08.417113 [info ] [Thread-22 ]: 17 of 31 SKIP relation njv_dbt_transformation.stg_salesforce__event ............ [[33mSKIP[0m]
[0m18:51:08.417744 [debug] [Thread-24 ]: Began running node model.salesforce_source.stg_salesforce__product_2
[0m18:51:08.418652 [debug] [Thread-22 ]: Finished running node model.salesforce_source.stg_salesforce__event
[0m18:51:08.418837 [info ] [Thread-24 ]: 18 of 31 SKIP relation njv_dbt_transformation.stg_salesforce__product_2 ........ [[33mSKIP[0m]
[0m18:51:08.420172 [debug] [Thread-24 ]: Finished running node model.salesforce_source.stg_salesforce__product_2
[0m18:51:08.420907 [debug] [Thread-26 ]: Began running node model.salesforce.salesforce__opportunity_line_item_enhanced
[0m18:51:08.421272 [info ] [Thread-26 ]: 19 of 31 SKIP relation njv_dbt_transformation.salesforce__opportunity_line_item_enhanced  [[33mSKIP[0m]
[0m18:51:08.421894 [debug] [Thread-26 ]: Finished running node model.salesforce.salesforce__opportunity_line_item_enhanced
[0m18:51:08.514899 [debug] [Thread-6  ]: BigQuery adapter: Unhandled error while running:
/* {"app": "dbt", "dbt_version": "1.2.0", "profile_name": "my_workshop", "target_name": "dev", "node_id": "model.salesforce_source.stg_salesforce__lead_tmp"} */


  create or replace view `dbt-technical-training`.`njv_dbt_transformation`.`stg_salesforce__lead_tmp`
  OPTIONS()
  as --To disable this model, set the below variable within your dbt_project.yml file to False.


select * 
from `dbt-technical-training`.`njv_salesforce_sandbox`.`lead`
;


[0m18:51:08.517545 [debug] [Thread-6  ]: BigQuery adapter: 404 Not found: Table dbt-technical-training:njv_salesforce_sandbox.lead was not found in location US

Location: US
Job ID: e53452a2-7445-4398-94b3-0272fbf8a2e6

[0m18:51:08.518829 [debug] [Thread-6  ]: finished collecting timing info
[0m18:51:08.522886 [debug] [Thread-6  ]: Runtime Error in model stg_salesforce__lead_tmp (models/tmp/stg_salesforce__lead_tmp.sql)
  404 Not found: Table dbt-technical-training:njv_salesforce_sandbox.lead was not found in location US
  
  Location: US
  Job ID: e53452a2-7445-4398-94b3-0272fbf8a2e6
  
[0m18:51:08.523948 [debug] [Thread-6  ]: Sending event: {'category': 'dbt', 'action': 'run_model', 'label': 'f584b2e7-27c2-4aed-afaa-436924ff7708', 'context': [<snowplow_tracker.self_describing_json.SelfDescribingJson object at 0x10daa6880>]}
[0m18:51:08.525492 [error] [Thread-6  ]: 5 of 31 ERROR creating view model njv_dbt_transformation.stg_salesforce__lead_tmp  [[31mERROR[0m in 1.18s]
[0m18:51:08.526478 [debug] [Thread-6  ]: Finished running node model.salesforce_source.stg_salesforce__lead_tmp
[0m18:51:08.528776 [debug] [Thread-28 ]: Began running node model.salesforce_source.stg_salesforce__lead
[0m18:51:08.529206 [info ] [Thread-28 ]: 20 of 31 SKIP relation njv_dbt_transformation.stg_salesforce__lead ............. [[33mSKIP[0m]
[0m18:51:08.530289 [debug] [Thread-28 ]: Finished running node model.salesforce_source.stg_salesforce__lead
[0m18:51:08.790031 [debug] [Thread-8  ]: finished collecting timing info
[0m18:51:08.790632 [debug] [Thread-8  ]: Sending event: {'category': 'dbt', 'action': 'run_model', 'label': 'f584b2e7-27c2-4aed-afaa-436924ff7708', 'context': [<snowplow_tracker.self_describing_json.SelfDescribingJson object at 0x10d592dc0>]}
[0m18:51:08.791032 [info ] [Thread-8  ]: 7 of 31 OK created view model njv_dbt_transformation.stg_salesforce__opportunity_tmp  [[32mOK[0m in 1.44s]
[0m18:51:08.791442 [debug] [Thread-8  ]: Finished running node model.salesforce_source.stg_salesforce__opportunity_tmp
[0m18:51:08.791837 [debug] [Thread-30 ]: Began running node model.salesforce_source.stg_salesforce__opportunity
[0m18:51:08.792088 [info ] [Thread-30 ]: 21 of 31 START table model njv_dbt_transformation.stg_salesforce__opportunity .. [RUN]
[0m18:51:08.792530 [debug] [Thread-30 ]: Acquiring new bigquery connection "model.salesforce_source.stg_salesforce__opportunity"
[0m18:51:08.792681 [debug] [Thread-30 ]: Began compiling node model.salesforce_source.stg_salesforce__opportunity
[0m18:51:08.792824 [debug] [Thread-30 ]: Compiling model.salesforce_source.stg_salesforce__opportunity
[0m18:51:08.805178 [debug] [Thread-30 ]: Opening a new connection, currently in state init
[0m18:51:08.843956 [debug] [Thread-13 ]: finished collecting timing info
[0m18:51:08.844508 [debug] [Thread-13 ]: Sending event: {'category': 'dbt', 'action': 'run_model', 'label': 'f584b2e7-27c2-4aed-afaa-436924ff7708', 'context': [<snowplow_tracker.self_describing_json.SelfDescribingJson object at 0x10d590760>]}
[0m18:51:08.844905 [info ] [Thread-13 ]: 12 of 31 OK created view model njv_dbt_transformation.stg_salesforce__user_tmp . [[32mOK[0m in 1.49s]
[0m18:51:08.845304 [debug] [Thread-13 ]: Finished running node model.salesforce_source.stg_salesforce__user_tmp
[0m18:51:08.845764 [debug] [Thread-32 ]: Began running node model.salesforce_source.stg_salesforce__user
[0m18:51:08.845989 [info ] [Thread-32 ]: 22 of 31 START table model njv_dbt_transformation.stg_salesforce__user ......... [RUN]
[0m18:51:08.846557 [debug] [Thread-32 ]: Acquiring new bigquery connection "model.salesforce_source.stg_salesforce__user"
[0m18:51:08.846709 [debug] [Thread-32 ]: Began compiling node model.salesforce_source.stg_salesforce__user
[0m18:51:08.846819 [debug] [Thread-32 ]: Compiling model.salesforce_source.stg_salesforce__user
[0m18:51:08.856090 [debug] [Thread-32 ]: Opening a new connection, currently in state init
[0m18:51:09.003453 [debug] [Thread-3  ]: finished collecting timing info
[0m18:51:09.004699 [debug] [Thread-3  ]: Sending event: {'category': 'dbt', 'action': 'run_model', 'label': 'f584b2e7-27c2-4aed-afaa-436924ff7708', 'context': [<snowplow_tracker.self_describing_json.SelfDescribingJson object at 0x10d4a6100>]}
[0m18:51:09.008583 [debug] [Thread-12 ]: finished collecting timing info
[0m18:51:09.009368 [info ] [Thread-3  ]: 2 of 31 OK created view model njv_dbt_transformation.stg_salesforce__account_tmp  [[32mOK[0m in 1.66s]
[0m18:51:09.010119 [debug] [Thread-12 ]: Sending event: {'category': 'dbt', 'action': 'run_model', 'label': 'f584b2e7-27c2-4aed-afaa-436924ff7708', 'context': [<snowplow_tracker.self_describing_json.SelfDescribingJson object at 0x10d590df0>]}
[0m18:51:09.010806 [debug] [Thread-3  ]: Finished running node model.salesforce_source.stg_salesforce__account_tmp
[0m18:51:09.011320 [info ] [Thread-12 ]: 11 of 31 OK created view model njv_dbt_transformation.stg_salesforce__user_role_tmp  [[32mOK[0m in 1.66s]
[0m18:51:09.011993 [debug] [Thread-12 ]: Finished running node model.salesforce_source.stg_salesforce__user_role_tmp
[0m18:51:09.012689 [debug] [Thread-2  ]: Began running node model.salesforce_source.stg_salesforce__account
[0m18:51:09.013090 [info ] [Thread-2  ]: 23 of 31 START table model njv_dbt_transformation.stg_salesforce__account ...... [RUN]
[0m18:51:09.013751 [debug] [Thread-2  ]: Acquiring new bigquery connection "model.salesforce_source.stg_salesforce__account"
[0m18:51:09.013981 [debug] [Thread-2  ]: Began compiling node model.salesforce_source.stg_salesforce__account
[0m18:51:09.014185 [debug] [Thread-2  ]: Compiling model.salesforce_source.stg_salesforce__account
[0m18:51:09.019847 [debug] [Thread-4  ]: Began running node model.salesforce_source.stg_salesforce__user_role
[0m18:51:09.026388 [info ] [Thread-4  ]: 24 of 31 START table model njv_dbt_transformation.stg_salesforce__user_role .... [RUN]
[0m18:51:09.027034 [debug] [Thread-4  ]: Acquiring new bigquery connection "model.salesforce_source.stg_salesforce__user_role"
[0m18:51:09.027222 [debug] [Thread-4  ]: Began compiling node model.salesforce_source.stg_salesforce__user_role
[0m18:51:09.027388 [debug] [Thread-4  ]: Compiling model.salesforce_source.stg_salesforce__user_role
[0m18:51:09.034107 [debug] [Thread-2  ]: Opening a new connection, currently in state closed
[0m18:51:09.036188 [debug] [Thread-4  ]: Opening a new connection, currently in state closed
[0m18:51:09.550397 [debug] [Thread-32 ]: Writing injected SQL for node "model.salesforce_source.stg_salesforce__user"
[0m18:51:09.552739 [debug] [Thread-32 ]: finished collecting timing info
[0m18:51:09.552971 [debug] [Thread-32 ]: Began executing node model.salesforce_source.stg_salesforce__user
[0m18:51:09.557203 [debug] [Thread-32 ]: Writing runtime SQL for node "model.salesforce_source.stg_salesforce__user"
[0m18:51:09.558361 [debug] [Thread-32 ]: On model.salesforce_source.stg_salesforce__user: /* {"app": "dbt", "dbt_version": "1.2.0", "profile_name": "my_workshop", "target_name": "dev", "node_id": "model.salesforce_source.stg_salesforce__user"} */


  create or replace table `dbt-technical-training`.`njv_dbt_transformation`.`stg_salesforce__user`
  
  
  OPTIONS()
  as (
    with base as (

    select *
    from `dbt-technical-training`.`njv_dbt_transformation`.`stg_salesforce__user_tmp`
), 

fields as (

    select

        
    
    
    _fivetran_deleted
    
 as 
    
    _fivetran_deleted
    
, 
    
    
    _fivetran_synced
    
 as 
    
    _fivetran_synced
    
, 
    
    
    account_id
    
 as 
    
    account_id
    
, 
    
    
    alias
    
 as 
    
    alias
    
, 
    
    
    city
    
 as 
    
    city
    
, 
    
    
    company_name
    
 as 
    
    company_name
    
, 
    
    
    contact_id
    
 as 
    
    contact_id
    
, 
    
    
    country
    
 as 
    
    country
    
, 
    cast(null as 
    string
) as 
    
    country_code
    
 , 
    
    
    department
    
 as 
    
    department
    
, 
    
    
    email
    
 as 
    
    email
    
, 
    
    
    first_name
    
 as 
    
    first_name
    
, 
    
    
    id
    
 as 
    
    id
    
, 
    cast(null as 
    string
) as 
    
    individual_id
    
 , 
    
    
    is_active
    
 as 
    
    is_active
    
, 
    
    
    last_login_date
    
 as 
    
    last_login_date
    
, 
    
    
    last_name
    
 as 
    
    last_name
    
, 
    
    
    last_referenced_date
    
 as 
    
    last_referenced_date
    
, 
    
    
    last_viewed_date
    
 as 
    
    last_viewed_date
    
, 
    
    
    manager_id
    
 as 
    
    manager_id
    
, 
    
    
    name
    
 as 
    
    name
    
, 
    
    
    postal_code
    
 as 
    
    postal_code
    
, 
    
    
    profile_id
    
 as 
    
    profile_id
    
, 
    
    
    state
    
 as 
    
    state
    
, 
    cast(null as 
    string
) as 
    
    state_code
    
 , 
    
    
    street
    
 as 
    
    street
    
, 
    
    
    title
    
 as 
    
    title
    
, 
    
    
    user_role_id
    
 as 
    
    user_role_id
    
, 
    
    
    user_type
    
 as 
    
    user_type
    
, 
    
    
    username
    
 as 
    
    username
    




        --The below script allows for pass through columns.
        

    from base
), 

final as (
    
    select 
        _fivetran_deleted,
        cast(_fivetran_synced as 
    timestamp
) as _fivetran_synced,
        account_id,
        alias,
        city,
        company_name,
        contact_id,
        country,
        country_code,
        department,
        email,
        first_name,
        id as user_id,
        individual_id,
        is_active,
        cast(last_login_date as 
    timestamp
) as last_login_date,
        last_name,
        cast(last_referenced_date as 
    timestamp
) as last_referenced_date,
        cast(last_viewed_date as 
    timestamp
) as last_viewed_date,
        manager_id,
        name as user_name,
        postal_code,
        profile_id,
        state,
        state_code,
        street,
        title,
        user_role_id,
        user_type,
        username 
        
        --The below script allows for pass through columns.
        
    
    from fields
)

select * 
from final
  );
  
[0m18:51:09.575679 [debug] [Thread-30 ]: Writing injected SQL for node "model.salesforce_source.stg_salesforce__opportunity"
[0m18:51:09.576318 [debug] [Thread-30 ]: finished collecting timing info
[0m18:51:09.576587 [debug] [Thread-30 ]: Began executing node model.salesforce_source.stg_salesforce__opportunity
[0m18:51:09.580665 [debug] [Thread-30 ]: Writing runtime SQL for node "model.salesforce_source.stg_salesforce__opportunity"
[0m18:51:09.581251 [debug] [Thread-30 ]: On model.salesforce_source.stg_salesforce__opportunity: /* {"app": "dbt", "dbt_version": "1.2.0", "profile_name": "my_workshop", "target_name": "dev", "node_id": "model.salesforce_source.stg_salesforce__opportunity"} */


  create or replace table `dbt-technical-training`.`njv_dbt_transformation`.`stg_salesforce__opportunity`
  
  
  OPTIONS()
  as (
    with base as (

    select *
    from `dbt-technical-training`.`njv_dbt_transformation`.`stg_salesforce__opportunity_tmp`
), 

fields as (

    select

        
    
    
    _fivetran_synced
    
 as 
    
    _fivetran_synced
    
, 
    
    
    account_id
    
 as 
    
    account_id
    
, 
    
    
    amount
    
 as 
    
    amount
    
, 
    
    
    campaign_id
    
 as 
    
    campaign_id
    
, 
    
    
    close_date
    
 as 
    
    close_date
    
, 
    
    
    created_date
    
 as 
    
    created_date
    
, 
    
    
    description
    
 as 
    
    description
    
, 
    
    
    expected_revenue
    
 as 
    
    expected_revenue
    
, 
    
    
    fiscal
    
 as 
    
    fiscal
    
, 
    
    
    fiscal_quarter
    
 as 
    
    fiscal_quarter
    
, 
    
    
    fiscal_year
    
 as 
    
    fiscal_year
    
, 
    
    
    forecast_category
    
 as 
    
    forecast_category
    
, 
    
    
    forecast_category_name
    
 as 
    
    forecast_category_name
    
, 
    
    
    has_open_activity
    
 as 
    
    has_open_activity
    
, 
    
    
    has_opportunity_line_item
    
 as 
    
    has_opportunity_line_item
    
, 
    
    
    has_overdue_task
    
 as 
    
    has_overdue_task
    
, 
    
    
    id
    
 as 
    
    id
    
, 
    
    
    is_closed
    
 as 
    
    is_closed
    
, 
    
    
    is_deleted
    
 as 
    
    is_deleted
    
, 
    
    
    is_won
    
 as 
    
    is_won
    
, 
    
    
    last_activity_date
    
 as 
    
    last_activity_date
    
, 
    
    
    last_referenced_date
    
 as 
    
    last_referenced_date
    
, 
    
    
    last_viewed_date
    
 as 
    
    last_viewed_date
    
, 
    
    
    lead_source
    
 as 
    
    lead_source
    
, 
    
    
    name
    
 as 
    
    name
    
, 
    cast(null as 
    string
) as 
    
    next_step
    
 , 
    
    
    owner_id
    
 as 
    
    owner_id
    
, 
    
    
    probability
    
 as 
    
    probability
    
, 
    
    
    record_type_id
    
 as 
    
    record_type_id
    
, 
    
    
    stage_name
    
 as 
    
    stage_name
    
, 
    
    
    synced_quote_id
    
 as 
    
    synced_quote_id
    
, 
    
    
    type
    
 as 
    
    type
    




        --The below script allows for pass through columns.
        

    from base
), 

final as (
    
    select 
        cast(_fivetran_synced as 
    timestamp
) as _fivetran_synced,
        account_id,
        cast(amount as 
    numeric
) as amount,
        campaign_id,
        cast(close_date as 
    timestamp
) as close_date,
        cast(created_date as 
    timestamp
) as created_date,
        description as opportunity_description,
        cast(expected_revenue as 
    numeric
) as expected_revenue,
        fiscal,
        fiscal_quarter,
        fiscal_year,
        forecast_category,
        forecast_category_name,
        has_open_activity,
        has_opportunity_line_item,
        has_overdue_task,
        id as opportunity_id,
        is_closed,
        is_deleted,
        is_won,
        cast(last_activity_date as 
    timestamp
) as last_activity_date,
        cast(last_referenced_date as 
    timestamp
) as last_referenced_date,
        cast(last_viewed_date as 
    timestamp
) as last_viewed_date,
        lead_source,
        name as opportunity_name,
        next_step,
        owner_id,
        probability,
        record_type_id,
        stage_name,
        synced_quote_id,
        type

        --The below script allows for pass through columns.
        

    from fields
), 

calculated as (
        
    select 
        *,
        created_date >= timestamp_trunc(
        cast(
    current_timestamp
 as timestamp),
        month
    ) as is_created_this_month,
        created_date >= timestamp_trunc(
        cast(
    current_timestamp
 as timestamp),
        quarter
    ) as is_created_this_quarter,
        datetime_diff(
        cast(created_date as datetime),
        cast(
    current_timestamp
 as datetime),
        day
    ) as days_since_created,
        datetime_diff(
        cast(created_date as datetime),
        cast(close_date as datetime),
        day
    ) as days_to_close,
        timestamp_trunc(
        cast(close_date as timestamp),
        month
    ) = timestamp_trunc(
        cast(
    current_timestamp
 as timestamp),
        month
    ) as is_closed_this_month,
        timestamp_trunc(
        cast(close_date as timestamp),
        quarter
    ) = timestamp_trunc(
        cast(
    current_timestamp
 as timestamp),
        quarter
    ) as is_closed_this_quarter
    from final
)

select * 
from calculated
where not coalesce(is_deleted, false)
  );
  
[0m18:51:09.728524 [debug] [Thread-4  ]: Writing injected SQL for node "model.salesforce_source.stg_salesforce__user_role"
[0m18:51:09.731323 [debug] [Thread-4  ]: finished collecting timing info
[0m18:51:09.731502 [debug] [Thread-4  ]: Began executing node model.salesforce_source.stg_salesforce__user_role
[0m18:51:09.735379 [debug] [Thread-4  ]: Writing runtime SQL for node "model.salesforce_source.stg_salesforce__user_role"
[0m18:51:09.738266 [debug] [Thread-4  ]: On model.salesforce_source.stg_salesforce__user_role: /* {"app": "dbt", "dbt_version": "1.2.0", "profile_name": "my_workshop", "target_name": "dev", "node_id": "model.salesforce_source.stg_salesforce__user_role"} */


  create or replace table `dbt-technical-training`.`njv_dbt_transformation`.`stg_salesforce__user_role`
  
  
  OPTIONS()
  as (
    --To disable this model, set the using_user_role variable within your dbt_project.yml file to False.


with base as (

    select *
    from `dbt-technical-training`.`njv_dbt_transformation`.`stg_salesforce__user_role_tmp`
), 

fields as (

    select
        
        
    
    
    _fivetran_deleted
    
 as 
    
    _fivetran_deleted
    
, 
    
    
    _fivetran_synced
    
 as 
    
    _fivetran_synced
    
, 
    
    
    developer_name
    
 as 
    
    developer_name
    
, 
    
    
    id
    
 as 
    
    id
    
, 
    
    
    name
    
 as 
    
    name
    
, 
    
    
    opportunity_access_for_account_owner
    
 as 
    
    opportunity_access_for_account_owner
    
, 
    
    
    parent_role_id
    
 as 
    
    parent_role_id
    
, 
    
    
    rollup_description
    
 as 
    
    rollup_description
    




        --The below script allows for pass through columns.
        

    from base
), 

final as (

    select
        _fivetran_deleted,
        cast(_fivetran_synced as 
    timestamp
) as _fivetran_synced,
        developer_name,
        id as user_role_id,
        name as user_role_name,
        opportunity_access_for_account_owner,
        parent_role_id,
        rollup_description

        --The below script allows for pass through columns.
        
        
    from fields
)

select *
from final
  );
  
[0m18:51:09.780477 [debug] [Thread-2  ]: Writing injected SQL for node "model.salesforce_source.stg_salesforce__account"
[0m18:51:09.780932 [debug] [Thread-2  ]: finished collecting timing info
[0m18:51:09.781127 [debug] [Thread-2  ]: Began executing node model.salesforce_source.stg_salesforce__account
[0m18:51:09.784783 [debug] [Thread-2  ]: Writing runtime SQL for node "model.salesforce_source.stg_salesforce__account"
[0m18:51:09.785255 [debug] [Thread-2  ]: On model.salesforce_source.stg_salesforce__account: /* {"app": "dbt", "dbt_version": "1.2.0", "profile_name": "my_workshop", "target_name": "dev", "node_id": "model.salesforce_source.stg_salesforce__account"} */


  create or replace table `dbt-technical-training`.`njv_dbt_transformation`.`stg_salesforce__account`
  
  
  OPTIONS()
  as (
    with base as (

    select *
    from `dbt-technical-training`.`njv_dbt_transformation`.`stg_salesforce__account_tmp`
), 

fields as (

    select
    
        
    
    
    _fivetran_synced
    
 as 
    
    _fivetran_synced
    
, 
    
    
    account_number
    
 as 
    
    account_number
    
, 
    
    
    account_source
    
 as 
    
    account_source
    
, 
    
    
    annual_revenue
    
 as 
    
    annual_revenue
    
, 
    
    
    billing_city
    
 as 
    
    billing_city
    
, 
    
    
    billing_country
    
 as 
    
    billing_country
    
, 
    
    
    billing_postal_code
    
 as 
    
    billing_postal_code
    
, 
    
    
    billing_state
    
 as 
    
    billing_state
    
, 
    cast(null as 
    string
) as 
    
    billing_state_code
    
 , 
    
    
    billing_street
    
 as 
    
    billing_street
    
, 
    
    
    description
    
 as 
    
    description
    
, 
    
    
    id
    
 as 
    
    id
    
, 
    
    
    industry
    
 as 
    
    industry
    
, 
    
    
    is_deleted
    
 as 
    
    is_deleted
    
, 
    
    
    last_activity_date
    
 as 
    
    last_activity_date
    
, 
    
    
    last_referenced_date
    
 as 
    
    last_referenced_date
    
, 
    
    
    last_viewed_date
    
 as 
    
    last_viewed_date
    
, 
    
    
    master_record_id
    
 as 
    
    master_record_id
    
, 
    
    
    name
    
 as 
    
    name
    
, 
    
    
    number_of_employees
    
 as 
    
    number_of_employees
    
, 
    
    
    owner_id
    
 as 
    
    owner_id
    
, 
    cast(null as 
    string
) as 
    
    ownership
    
 , 
    
    
    parent_id
    
 as 
    
    parent_id
    
, 
    cast(null as 
    string
) as 
    
    rating
    
 , 
    
    
    record_type_id
    
 as 
    
    record_type_id
    
, 
    
    
    shipping_city
    
 as 
    
    shipping_city
    
, 
    
    
    shipping_country
    
 as 
    
    shipping_country
    
, 
    cast(null as 
    string
) as 
    
    shipping_country_code
    
 , 
    
    
    shipping_postal_code
    
 as 
    
    shipping_postal_code
    
, 
    
    
    shipping_state
    
 as 
    
    shipping_state
    
, 
    cast(null as 
    string
) as 
    
    shipping_state_code
    
 , 
    
    
    shipping_street
    
 as 
    
    shipping_street
    
, 
    
    
    type
    
 as 
    
    type
    
, 
    
    
    website
    
 as 
    
    website
    




        --The below script allows for pass through columns.
        
        
    from base
), 

final as (

    select 
        cast(_fivetran_synced as 
    timestamp
) as _fivetran_synced,
        account_number,
        account_source,
        cast(annual_revenue as 
    numeric
) as annual_revenue,
        billing_city,
        billing_country,
        billing_postal_code,
        billing_state,
        billing_state_code,
        billing_street,
        description as account_description,
        id as account_id,
        industry,
        is_deleted,
        cast(last_activity_date as 
    timestamp
) as last_activity_date,
        cast(last_referenced_date as 
    timestamp
) as last_referenced_date,
        cast(last_viewed_date as 
    timestamp
) as last_viewed_date,
        master_record_id,
        name as account_name,
        number_of_employees,
        owner_id,
        ownership,
        parent_id,
        rating,
        record_type_id,
        shipping_city,
        shipping_country,
        shipping_country_code,
        shipping_postal_code,
        shipping_state,
        shipping_state_code,
        shipping_street,
        type,
        website

        --The below script allows for pass through columns.
        
        
    from fields
)

select *
from final
where not coalesce(is_deleted, false)
  );
  
[0m18:51:10.416373 [debug] [Thread-1  ]: finished collecting timing info
[0m18:51:10.417466 [debug] [Thread-1  ]: Sending event: {'category': 'dbt', 'action': 'run_model', 'label': 'f584b2e7-27c2-4aed-afaa-436924ff7708', 'context': [<snowplow_tracker.self_describing_json.SelfDescribingJson object at 0x10d4a6760>]}
[0m18:51:10.418352 [info ] [Thread-1  ]: 1 of 31 OK created table model njv_dbt_transformation.my_first_dbt_model ....... [[32mCREATE TABLE (2.0 rows, 0 processed)[0m in 3.08s]
[0m18:51:10.419354 [debug] [Thread-1  ]: Finished running node model.my_workshop.my_first_dbt_model
[0m18:51:10.420453 [debug] [Thread-15 ]: Began running node model.my_workshop.my_second_dbt_model
[0m18:51:10.421225 [info ] [Thread-15 ]: 25 of 31 START view model njv_dbt_transformation.my_second_dbt_model ........... [RUN]
[0m18:51:10.422204 [debug] [Thread-15 ]: Acquiring new bigquery connection "model.my_workshop.my_second_dbt_model"
[0m18:51:10.422822 [debug] [Thread-15 ]: Began compiling node model.my_workshop.my_second_dbt_model
[0m18:51:10.423131 [debug] [Thread-15 ]: Compiling model.my_workshop.my_second_dbt_model
[0m18:51:10.432908 [debug] [Thread-15 ]: Writing injected SQL for node "model.my_workshop.my_second_dbt_model"
[0m18:51:10.434740 [debug] [Thread-15 ]: finished collecting timing info
[0m18:51:10.435354 [debug] [Thread-15 ]: Began executing node model.my_workshop.my_second_dbt_model
[0m18:51:10.446713 [debug] [Thread-15 ]: Writing runtime SQL for node "model.my_workshop.my_second_dbt_model"
[0m18:51:10.449014 [debug] [Thread-15 ]: Opening a new connection, currently in state init
[0m18:51:10.463394 [debug] [Thread-15 ]: On model.my_workshop.my_second_dbt_model: /* {"app": "dbt", "dbt_version": "1.2.0", "profile_name": "my_workshop", "target_name": "dev", "node_id": "model.my_workshop.my_second_dbt_model"} */


  create or replace view `dbt-technical-training`.`njv_dbt_transformation`.`my_second_dbt_model`
  OPTIONS()
  as -- Use the `ref` function to select from other models

select *
from `dbt-technical-training`.`njv_dbt_transformation`.`my_first_dbt_model`
where id = 1;


[0m18:51:11.617720 [debug] [Thread-15 ]: finished collecting timing info
[0m18:51:11.618732 [debug] [Thread-15 ]: Sending event: {'category': 'dbt', 'action': 'run_model', 'label': 'f584b2e7-27c2-4aed-afaa-436924ff7708', 'context': [<snowplow_tracker.self_describing_json.SelfDescribingJson object at 0x10de23430>]}
[0m18:51:11.619520 [info ] [Thread-15 ]: 25 of 31 OK created view model njv_dbt_transformation.my_second_dbt_model ...... [[32mOK[0m in 1.20s]
[0m18:51:11.620404 [debug] [Thread-15 ]: Finished running node model.my_workshop.my_second_dbt_model
[0m18:51:12.162706 [debug] [Thread-32 ]: finished collecting timing info
[0m18:51:12.163696 [debug] [Thread-32 ]: Sending event: {'category': 'dbt', 'action': 'run_model', 'label': 'f584b2e7-27c2-4aed-afaa-436924ff7708', 'context': [<snowplow_tracker.self_describing_json.SelfDescribingJson object at 0x10dd95dc0>]}
[0m18:51:12.164486 [info ] [Thread-32 ]: 22 of 31 OK created table model njv_dbt_transformation.stg_salesforce__user .... [[32mCREATE TABLE (1.0k rows, 263.1 KB processed)[0m in 3.32s]
[0m18:51:12.165867 [debug] [Thread-32 ]: Finished running node model.salesforce_source.stg_salesforce__user
[0m18:51:12.197021 [debug] [Thread-4  ]: finished collecting timing info
[0m18:51:12.198016 [debug] [Thread-4  ]: Sending event: {'category': 'dbt', 'action': 'run_model', 'label': 'f584b2e7-27c2-4aed-afaa-436924ff7708', 'context': [<snowplow_tracker.self_describing_json.SelfDescribingJson object at 0x10dcc6f40>]}
[0m18:51:12.198822 [info ] [Thread-4  ]: 24 of 31 OK created table model njv_dbt_transformation.stg_salesforce__user_role  [[32mCREATE TABLE (177.0 rows, 23.9 KB processed)[0m in 3.17s]
[0m18:51:12.199812 [debug] [Thread-4  ]: Finished running node model.salesforce_source.stg_salesforce__user_role
[0m18:51:12.549289 [debug] [Thread-30 ]: finished collecting timing info
[0m18:51:12.550590 [debug] [Thread-30 ]: Sending event: {'category': 'dbt', 'action': 'run_model', 'label': 'f584b2e7-27c2-4aed-afaa-436924ff7708', 'context': [<snowplow_tracker.self_describing_json.SelfDescribingJson object at 0x10dbbf9a0>]}
[0m18:51:12.554875 [info ] [Thread-30 ]: 21 of 31 OK created table model njv_dbt_transformation.stg_salesforce__opportunity  [[32mCREATE TABLE (10.0k rows, 2.6 MB processed)[0m in 3.76s]
[0m18:51:12.556360 [debug] [Thread-30 ]: Finished running node model.salesforce_source.stg_salesforce__opportunity
[0m18:51:12.557727 [debug] [Thread-18 ]: Began running node model.salesforce.salesforce__daily_activity
[0m18:51:12.558617 [info ] [Thread-18 ]: 26 of 31 SKIP relation njv_dbt_transformation.salesforce__daily_activity ....... [[33mSKIP[0m]
[0m18:51:12.559297 [debug] [Thread-18 ]: Finished running node model.salesforce.salesforce__daily_activity
[0m18:51:12.750436 [debug] [Thread-2  ]: finished collecting timing info
[0m18:51:12.751413 [debug] [Thread-2  ]: Sending event: {'category': 'dbt', 'action': 'run_model', 'label': 'f584b2e7-27c2-4aed-afaa-436924ff7708', 'context': [<snowplow_tracker.self_describing_json.SelfDescribingJson object at 0x10d5922e0>]}
[0m18:51:12.752207 [info ] [Thread-2  ]: 23 of 31 OK created table model njv_dbt_transformation.stg_salesforce__account . [[32mCREATE TABLE (10.0k rows, 2.6 MB processed)[0m in 3.74s]
[0m18:51:12.753622 [debug] [Thread-2  ]: Finished running node model.salesforce_source.stg_salesforce__account
[0m18:51:12.755573 [debug] [Thread-19 ]: Began running node model.salesforce.salesforce__contact_enhanced
[0m18:51:12.755901 [info ] [Thread-19 ]: 27 of 31 SKIP relation njv_dbt_transformation.salesforce__contact_enhanced ..... [[33mSKIP[0m]
[0m18:51:12.756763 [debug] [Thread-19 ]: Finished running node model.salesforce.salesforce__contact_enhanced
[0m18:51:12.757147 [debug] [Thread-19 ]: Began running node model.salesforce.salesforce__opportunity_enhanced
[0m18:51:12.757566 [info ] [Thread-19 ]: 28 of 31 START table model njv_dbt_transformation.salesforce__opportunity_enhanced  [RUN]
[0m18:51:12.758367 [debug] [Thread-19 ]: Acquiring new bigquery connection "model.salesforce.salesforce__opportunity_enhanced"
[0m18:51:12.758813 [debug] [Thread-19 ]: Began compiling node model.salesforce.salesforce__opportunity_enhanced
[0m18:51:12.759141 [debug] [Thread-19 ]: Compiling model.salesforce.salesforce__opportunity_enhanced
[0m18:51:12.777525 [debug] [Thread-19 ]: Writing injected SQL for node "model.salesforce.salesforce__opportunity_enhanced"
[0m18:51:12.778410 [debug] [Thread-19 ]: finished collecting timing info
[0m18:51:12.778632 [debug] [Thread-19 ]: Began executing node model.salesforce.salesforce__opportunity_enhanced
[0m18:51:12.782717 [debug] [Thread-19 ]: Writing runtime SQL for node "model.salesforce.salesforce__opportunity_enhanced"
[0m18:51:12.783389 [debug] [Thread-19 ]: Opening a new connection, currently in state init
[0m18:51:12.789376 [debug] [Thread-19 ]: On model.salesforce.salesforce__opportunity_enhanced: /* {"app": "dbt", "dbt_version": "1.2.0", "profile_name": "my_workshop", "target_name": "dev", "node_id": "model.salesforce.salesforce__opportunity_enhanced"} */


  create or replace table `dbt-technical-training`.`njv_dbt_transformation`.`salesforce__opportunity_enhanced`
  
  
  OPTIONS()
  as (
    with opportunity as (
    
    select *
    from `dbt-technical-training`.`njv_dbt_transformation`.`stg_salesforce__opportunity`
), 

salesforce_user as (

    select *
    from `dbt-technical-training`.`njv_dbt_transformation`.`stg_salesforce__user`  
), 

-- If using user_role table, the following will be included, otherwise it will not.

user_role as (

    select *
    from `dbt-technical-training`.`njv_dbt_transformation`.`stg_salesforce__user_role`  
), 


account as (

    select *
    from `dbt-technical-training`.`njv_dbt_transformation`.`stg_salesforce__account`
), 

add_fields as (

    select 
        opportunity.*,
        account.account_number,
        account.account_source,
        account.industry,
        account.account_name,
        account.number_of_employees,
        account.type as account_type,
        opportunity_owner.user_id as opportunity_owner_id,
        opportunity_owner.user_name as opportunity_owner_name,
        opportunity_owner.user_role_id as opportunity_owner_role_id,
        opportunity_owner.city opportunity_owner_city,
        opportunity_owner.state as opportunity_owner_state,
        opportunity_manager.user_id as opportunity_manager_id,
        opportunity_manager.user_name as opportunity_manager_name,
        opportunity_manager.city opportunity_manager_city,
        opportunity_manager.state as opportunity_manager_state,

        -- If using user_role table, the following will be included, otherwise it will not.
        
        user_role.user_role_name as opportunity_owner_position, 
        user_role.developer_name as opportunity_owner_developer_name,
        user_role.parent_role_id as opportunity_owner_parent_role_id,
        user_role.rollup_description as opportunity_owner_rollup_description,
        

        case
            when opportunity.is_won then 'Won'
            when not opportunity.is_won and opportunity.is_closed then 'Lost'
            when not opportunity.is_closed and lower(opportunity.forecast_category) in ('pipeline','forecast','bestcase') then 'Pipeline'
            else 'Other'
        end as status,
        case when is_created_this_month then amount else 0 end as created_amount_this_month,
        case when is_created_this_quarter then amount else 0 end as created_amount_this_quarter,
        case when is_created_this_month then 1 else 0 end as created_count_this_month,
        case when is_created_this_quarter then 1 else 0 end as created_count_this_quarter,
        case when is_closed_this_month then amount else 0 end as closed_amount_this_month,
        case when is_closed_this_quarter then amount else 0 end as closed_amount_this_quarter,
        case when is_closed_this_month then 1 else 0 end as closed_count_this_month,
        case when is_closed_this_quarter then 1 else 0 end as closed_count_this_quarter

        --The below script allows for pass through columns.

        

    from opportunity
    left join account 
        on opportunity.account_id = account.account_id
    left join salesforce_user as opportunity_owner 
        on opportunity.owner_id = opportunity_owner.user_id
    left join salesforce_user as opportunity_manager 
        on opportunity_owner.manager_id = opportunity_manager.user_id

    -- If using user_role table, the following will be included, otherwise it will not.
    
    left join user_role 
        on opportunity_owner.user_role_id = user_role.user_role_id

    
    )

select *
from add_fields
  );
  
[0m18:51:17.879085 [debug] [Thread-19 ]: finished collecting timing info
[0m18:51:17.880090 [debug] [Thread-19 ]: Sending event: {'category': 'dbt', 'action': 'run_model', 'label': 'f584b2e7-27c2-4aed-afaa-436924ff7708', 'context': [<snowplow_tracker.self_describing_json.SelfDescribingJson object at 0x10de7fdf0>]}
[0m18:51:17.880879 [info ] [Thread-19 ]: 28 of 31 OK created table model njv_dbt_transformation.salesforce__opportunity_enhanced  [[32mCREATE TABLE (10.0k rows, 3.5 MB processed)[0m in 5.12s]
[0m18:51:17.882363 [debug] [Thread-19 ]: Finished running node model.salesforce.salesforce__opportunity_enhanced
[0m18:51:17.883872 [debug] [Thread-9  ]: Began running node model.salesforce.int_salesforce__opportunity_aggregation_by_owner
[0m18:51:17.884520 [debug] [Thread-9  ]: Acquiring new bigquery connection "model.salesforce.int_salesforce__opportunity_aggregation_by_owner"
[0m18:51:17.884805 [debug] [Thread-9  ]: Began compiling node model.salesforce.int_salesforce__opportunity_aggregation_by_owner
[0m18:51:17.885053 [debug] [Thread-9  ]: Compiling model.salesforce.int_salesforce__opportunity_aggregation_by_owner
[0m18:51:17.892233 [debug] [Thread-21 ]: Began running node model.salesforce.salesforce__sales_snapshot
[0m18:51:17.894175 [debug] [Thread-9  ]: Writing injected SQL for node "model.salesforce.int_salesforce__opportunity_aggregation_by_owner"
[0m18:51:17.894556 [info ] [Thread-21 ]: 29 of 31 START table model njv_dbt_transformation.salesforce__sales_snapshot ... [RUN]
[0m18:51:17.895589 [debug] [Thread-21 ]: Acquiring new bigquery connection "model.salesforce.salesforce__sales_snapshot"
[0m18:51:17.895868 [debug] [Thread-21 ]: Began compiling node model.salesforce.salesforce__sales_snapshot
[0m18:51:17.896048 [debug] [Thread-21 ]: Compiling model.salesforce.salesforce__sales_snapshot
[0m18:51:17.901809 [debug] [Thread-21 ]: Writing injected SQL for node "model.salesforce.salesforce__sales_snapshot"
[0m18:51:17.902508 [debug] [Thread-21 ]: finished collecting timing info
[0m18:51:17.902710 [debug] [Thread-21 ]: Began executing node model.salesforce.salesforce__sales_snapshot
[0m18:51:17.907325 [debug] [Thread-21 ]: Writing runtime SQL for node "model.salesforce.salesforce__sales_snapshot"
[0m18:51:17.907703 [debug] [Thread-9  ]: finished collecting timing info
[0m18:51:17.908433 [debug] [Thread-9  ]: Finished running node model.salesforce.int_salesforce__opportunity_aggregation_by_owner
[0m18:51:17.908852 [debug] [Thread-21 ]: Opening a new connection, currently in state init
[0m18:51:17.909102 [debug] [Thread-5  ]: Began running node model.salesforce.salesforce__manager_performance
[0m18:51:17.909373 [info ] [Thread-5  ]: 30 of 31 START table model njv_dbt_transformation.salesforce__manager_performance  [RUN]
[0m18:51:17.909818 [debug] [Thread-5  ]: Acquiring new bigquery connection "model.salesforce.salesforce__manager_performance"
[0m18:51:17.909978 [debug] [Thread-5  ]: Began compiling node model.salesforce.salesforce__manager_performance
[0m18:51:17.910115 [debug] [Thread-5  ]: Compiling model.salesforce.salesforce__manager_performance
[0m18:51:17.933579 [debug] [Thread-10 ]: Began running node model.salesforce.salesforce__owner_performance
[0m18:51:17.934022 [info ] [Thread-10 ]: 31 of 31 START table model njv_dbt_transformation.salesforce__owner_performance  [RUN]
[0m18:51:17.941475 [debug] [Thread-10 ]: Acquiring new bigquery connection "model.salesforce.salesforce__owner_performance"
[0m18:51:17.947567 [debug] [Thread-10 ]: Began compiling node model.salesforce.salesforce__owner_performance
[0m18:51:17.948004 [debug] [Thread-21 ]: On model.salesforce.salesforce__sales_snapshot: /* {"app": "dbt", "dbt_version": "1.2.0", "profile_name": "my_workshop", "target_name": "dev", "node_id": "model.salesforce.salesforce__sales_snapshot"} */


  create or replace table `dbt-technical-training`.`njv_dbt_transformation`.`salesforce__sales_snapshot`
  
  
  OPTIONS()
  as (
    with salesforce_opportunity_enhanced as (
    
    select *
    from `dbt-technical-training`.`njv_dbt_transformation`.`salesforce__opportunity_enhanced`
), 

pipeline as (

    select 
        round(sum(created_amount_this_month)) as pipeline_created_amount_this_month,
        round(sum(created_amount_this_quarter)) as pipeline_created_amount_this_quarter,
        round(sum(created_amount_this_month * probability)) as pipeline_created_forecast_amount_this_month,
        round(sum(created_amount_this_quarter * probability)) as pipeline_created_forecast_amount_this_quarter,
        sum(created_count_this_month) as pipeline_count_created_this_month,
        sum(created_count_this_quarter) as pipeline_count_created_this_quarter,
        count(*) as total_number_pipeline,
        round(sum(amount)) as total_pipeline_amount,
        round(sum(amount * probability)) as total_pipeline_forecast_amount,
        round(avg(amount)) as avg_pipeline_opp_amount,
        max(amount) as largest_deal_in_pipeline,
        avg(days_since_created) as avg_days_open
    from salesforce_opportunity_enhanced
    where status = 'Pipeline'
), 

bookings as (

    select 
        round(sum(closed_amount_this_month)) as bookings_amount_closed_this_month,
        round(sum(closed_amount_this_quarter)) as bookings_amount_closed_this_quarter,
        count(*) as total_number_bookings,
        round(sum(amount)) as total_bookings_amount,
        sum(closed_count_this_month) as bookings_count_closed_this_month,
        sum(closed_count_this_quarter) as bookings_count_closed_this_quarter,
        round(avg(amount)) as avg_bookings_amount,
        max(amount) as largest_booking,
        avg(days_to_close) as avg_days_to_close
    from salesforce_opportunity_enhanced
    where status = 'Won'
), 

lost as (

    select 
        round(sum(closed_amount_this_month)) as lost_amount_this_month,
        round(sum(closed_amount_this_quarter)) as lost_amount_this_quarter,
        count(*) as total_number_lost,
        round(sum(amount)) as total_lost_amount,
        sum(closed_count_this_month) as lost_count_this_month,
        sum(closed_count_this_quarter) as lost_count_this_quarter
    from salesforce_opportunity_enhanced
    where status = 'Lost'
)

select 
    bookings.*,
    pipeline.*,
    lost.*,
    case 
        when (bookings.bookings_amount_closed_this_month + lost.lost_amount_this_month) = 0 then null
        else round( (bookings.bookings_amount_closed_this_month / (bookings.bookings_amount_closed_this_month + lost.lost_amount_this_month) ) * 100, 2 )
    end as win_percent_this_month,
    case 
        when (bookings.bookings_amount_closed_this_quarter + lost.lost_amount_this_quarter) = 0 then null
        else round( (bookings.bookings_amount_closed_this_quarter / (bookings.bookings_amount_closed_this_quarter + lost.lost_amount_this_quarter) ) * 100, 2 ) 
    end as win_percent_this_quarter,
    case 
        when (bookings.total_bookings_amount + lost.total_lost_amount) = 0 then null 
        else round( (bookings.total_bookings_amount / (bookings.total_bookings_amount + lost.total_lost_amount) ) * 100, 2) 
    end as total_win_percent
from bookings, pipeline, lost
  );
  
[0m18:51:17.948173 [debug] [Thread-10 ]: Compiling model.salesforce.salesforce__owner_performance
[0m18:51:17.983485 [debug] [Thread-5  ]: Writing injected SQL for node "model.salesforce.salesforce__manager_performance"
[0m18:51:17.989955 [debug] [Thread-10 ]: Writing injected SQL for node "model.salesforce.salesforce__owner_performance"
[0m18:51:17.991436 [debug] [Thread-5  ]: finished collecting timing info
[0m18:51:17.991707 [debug] [Thread-5  ]: Began executing node model.salesforce.salesforce__manager_performance
[0m18:51:17.995784 [debug] [Thread-5  ]: Writing runtime SQL for node "model.salesforce.salesforce__manager_performance"
[0m18:51:17.996557 [debug] [Thread-10 ]: finished collecting timing info
[0m18:51:17.996795 [debug] [Thread-10 ]: Began executing node model.salesforce.salesforce__owner_performance
[0m18:51:18.001816 [debug] [Thread-10 ]: Writing runtime SQL for node "model.salesforce.salesforce__owner_performance"
[0m18:51:18.002958 [debug] [Thread-5  ]: Opening a new connection, currently in state closed
[0m18:51:18.003460 [debug] [Thread-10 ]: Opening a new connection, currently in state closed
[0m18:51:18.008998 [debug] [Thread-10 ]: On model.salesforce.salesforce__owner_performance: /* {"app": "dbt", "dbt_version": "1.2.0", "profile_name": "my_workshop", "target_name": "dev", "node_id": "model.salesforce.salesforce__owner_performance"} */


  create or replace table `dbt-technical-training`.`njv_dbt_transformation`.`salesforce__owner_performance`
  
  
  OPTIONS()
  as (
    with  __dbt__cte__int_salesforce__opportunity_aggregation_by_owner as (
with salesforce_opportunity_enhanced as (
    
    select *
    from `dbt-technical-training`.`njv_dbt_transformation`.`salesforce__opportunity_enhanced`
), 

salesforce_user as (

    select *
    from `dbt-technical-training`.`njv_dbt_transformation`.`stg_salesforce__user`
), 

booking_by_owner as (

    select 
        opportunity_manager_id as b_manager_id,
        opportunity_owner_id as b_owner_id,
        round(sum(closed_amount_this_month)) as bookings_amount_closed_this_month,
        round(sum(closed_amount_this_quarter)) as bookings_amount_closed_this_quarter,
        count(*) as total_number_bookings,
        round(sum(amount)) as total_bookings_amount,
        sum(closed_count_this_month) as bookings_count_closed_this_month,
        sum(closed_count_this_quarter) as bookings_count_closed_this_quarter,
        round(avg(amount)) as avg_bookings_amount,
        max(amount) as largest_booking,
        avg(days_to_close) as avg_days_to_close
    from salesforce_opportunity_enhanced
    where status = 'Won'
    group by 1, 2
), 

lost_by_owner as (

    select 
        opportunity_manager_id as l_manager_id,
        opportunity_owner_id as l_owner_id,
        round(sum(closed_amount_this_month)) as lost_amount_this_month,
        round(sum(closed_amount_this_quarter)) as lost_amount_this_quarter,
        count(*) as total_number_lost,
        round(sum(amount)) as total_lost_amount,
        sum(closed_count_this_month) as lost_count_this_month,
        sum(closed_count_this_quarter) as lost_count_this_quarter
    from salesforce_opportunity_enhanced
    where status = 'Lost'
    group by 1, 2
), 

pipeline_by_owner as (

    select 
        opportunity_manager_id as p_manager_id,
        opportunity_owner_id as p_owner_id,
        round(sum(created_amount_this_month)) as pipeline_created_amount_this_month,
        round(sum(created_amount_this_quarter)) as pipeline_created_amount_this_quarter,
        round(sum(created_amount_this_month * probability)) as pipeline_created_forecast_amount_this_month,
        round(sum(created_amount_this_quarter * probability)) as pipeline_created_forecast_amount_this_quarter,
        sum(created_count_this_month) as pipeline_count_created_this_month,
        sum(created_count_this_quarter) as pipeline_count_created_this_quarter,
        count(*) as total_number_pipeline,
        round(sum(amount)) as total_pipeline_amount,
        round(sum(amount * probability)) as total_pipeline_forecast_amount,
        round(avg(amount)) as avg_pipeline_opp_amount,
        max(amount) as largest_deal_in_pipeline,
        avg(days_since_created) as avg_days_open
    from salesforce_opportunity_enhanced
    where status = 'Pipeline'
    group by 1, 2
)

select 
    salesforce_user.user_id as owner_id,
    coalesce(p_manager_id, b_manager_id, l_manager_id) as manager_id,
    booking_by_owner.*,
    lost_by_owner.*,
    pipeline_by_owner.*
from salesforce_user
left join booking_by_owner 
    on booking_by_owner.b_owner_id = salesforce_user.user_id
left join lost_by_owner 
    on lost_by_owner.l_owner_id = salesforce_user.user_id
left join pipeline_by_owner 
    on pipeline_by_owner.p_owner_id = salesforce_user.user_id
),opportunity_aggregation_by_owner as (
    
    select *
    from __dbt__cte__int_salesforce__opportunity_aggregation_by_owner  
), 

salesforce_user as (

    select *
    from `dbt-technical-training`.`njv_dbt_transformation`.`stg_salesforce__user`
)

select 
    opportunity_aggregation_by_owner.*,
    salesforce_user.user_name as owner_name,
    salesforce_user.city as owner_city,
    salesforce_user.state as owner_state,
    case 
        when (bookings_amount_closed_this_month + lost_amount_this_month) > 0 
            then bookings_amount_closed_this_month / (bookings_amount_closed_this_month + lost_amount_this_month) * 100
        else 0 
    end as win_percent_this_month,
    case 
        when (bookings_amount_closed_this_quarter + lost_amount_this_quarter) > 0 
            then bookings_amount_closed_this_quarter / (bookings_amount_closed_this_quarter + lost_amount_this_quarter) * 100
        else 0 
    end as win_percent_this_quarter,
    case 
        when (total_bookings_amount + total_lost_amount) > 0 
            then total_bookings_amount / (total_bookings_amount + total_lost_amount) * 100
        else 0 
    end as total_win_percent
from opportunity_aggregation_by_owner
join salesforce_user 
    on salesforce_user.user_id = opportunity_aggregation_by_owner.owner_id
  );
  
[0m18:51:18.010159 [debug] [Thread-5  ]: On model.salesforce.salesforce__manager_performance: /* {"app": "dbt", "dbt_version": "1.2.0", "profile_name": "my_workshop", "target_name": "dev", "node_id": "model.salesforce.salesforce__manager_performance"} */


  create or replace table `dbt-technical-training`.`njv_dbt_transformation`.`salesforce__manager_performance`
  
  
  OPTIONS()
  as (
    with  __dbt__cte__int_salesforce__opportunity_aggregation_by_owner as (
with salesforce_opportunity_enhanced as (
    
    select *
    from `dbt-technical-training`.`njv_dbt_transformation`.`salesforce__opportunity_enhanced`
), 

salesforce_user as (

    select *
    from `dbt-technical-training`.`njv_dbt_transformation`.`stg_salesforce__user`
), 

booking_by_owner as (

    select 
        opportunity_manager_id as b_manager_id,
        opportunity_owner_id as b_owner_id,
        round(sum(closed_amount_this_month)) as bookings_amount_closed_this_month,
        round(sum(closed_amount_this_quarter)) as bookings_amount_closed_this_quarter,
        count(*) as total_number_bookings,
        round(sum(amount)) as total_bookings_amount,
        sum(closed_count_this_month) as bookings_count_closed_this_month,
        sum(closed_count_this_quarter) as bookings_count_closed_this_quarter,
        round(avg(amount)) as avg_bookings_amount,
        max(amount) as largest_booking,
        avg(days_to_close) as avg_days_to_close
    from salesforce_opportunity_enhanced
    where status = 'Won'
    group by 1, 2
), 

lost_by_owner as (

    select 
        opportunity_manager_id as l_manager_id,
        opportunity_owner_id as l_owner_id,
        round(sum(closed_amount_this_month)) as lost_amount_this_month,
        round(sum(closed_amount_this_quarter)) as lost_amount_this_quarter,
        count(*) as total_number_lost,
        round(sum(amount)) as total_lost_amount,
        sum(closed_count_this_month) as lost_count_this_month,
        sum(closed_count_this_quarter) as lost_count_this_quarter
    from salesforce_opportunity_enhanced
    where status = 'Lost'
    group by 1, 2
), 

pipeline_by_owner as (

    select 
        opportunity_manager_id as p_manager_id,
        opportunity_owner_id as p_owner_id,
        round(sum(created_amount_this_month)) as pipeline_created_amount_this_month,
        round(sum(created_amount_this_quarter)) as pipeline_created_amount_this_quarter,
        round(sum(created_amount_this_month * probability)) as pipeline_created_forecast_amount_this_month,
        round(sum(created_amount_this_quarter * probability)) as pipeline_created_forecast_amount_this_quarter,
        sum(created_count_this_month) as pipeline_count_created_this_month,
        sum(created_count_this_quarter) as pipeline_count_created_this_quarter,
        count(*) as total_number_pipeline,
        round(sum(amount)) as total_pipeline_amount,
        round(sum(amount * probability)) as total_pipeline_forecast_amount,
        round(avg(amount)) as avg_pipeline_opp_amount,
        max(amount) as largest_deal_in_pipeline,
        avg(days_since_created) as avg_days_open
    from salesforce_opportunity_enhanced
    where status = 'Pipeline'
    group by 1, 2
)

select 
    salesforce_user.user_id as owner_id,
    coalesce(p_manager_id, b_manager_id, l_manager_id) as manager_id,
    booking_by_owner.*,
    lost_by_owner.*,
    pipeline_by_owner.*
from salesforce_user
left join booking_by_owner 
    on booking_by_owner.b_owner_id = salesforce_user.user_id
left join lost_by_owner 
    on lost_by_owner.l_owner_id = salesforce_user.user_id
left join pipeline_by_owner 
    on pipeline_by_owner.p_owner_id = salesforce_user.user_id
),opportunity_aggregation_by_owner as (
    
    select *
    from __dbt__cte__int_salesforce__opportunity_aggregation_by_owner
), 

-- If using user_role table, the following will be included, otherwise it will not.

user_role as (

    select *
    from `dbt-technical-training`.`njv_dbt_transformation`.`stg_salesforce__user_role`
),


salesforce_user as (

    select *
    from `dbt-technical-training`.`njv_dbt_transformation`.`stg_salesforce__user`

)

select 
    coalesce(manager.user_id, 'No Manager Assigned') as manager_id,
    coalesce(manager.user_name, 'No Manager Assigned') as manager_name,
    manager.city as manager_city,
    manager.state as manager_state,

    -- If using user_role table, the following will be included, otherwise it will not.
    
    user_role.user_role_name as manager_position,
    

    count(distinct owner_id) as number_of_direct_reports,
    coalesce(sum(bookings_amount_closed_this_month), 0) as bookings_amount_closed_this_month,
    coalesce(sum(bookings_amount_closed_this_quarter), 0) as bookings_amount_closed_this_quarter,
    coalesce(sum(total_number_bookings), 0) as total_number_bookings,
    coalesce(sum(total_bookings_amount), 0) as total_bookings_amount,
    coalesce(sum(bookings_count_closed_this_month), 0) as bookings_count_closed_this_month,
    coalesce(sum(bookings_count_closed_this_quarter), 0) as bookings_count_closed_this_quarter,
    coalesce(max(largest_booking), 0) as largest_booking,
    coalesce(sum(lost_amount_this_month), 0) as lost_amount_this_month,
    coalesce(sum(lost_amount_this_quarter), 0) as lost_amount_this_quarter,
    coalesce(sum(total_number_lost), 0) as total_number_lost,
    coalesce(sum(total_lost_amount), 0) as total_lost_amount,
    coalesce(sum(lost_count_this_month), 0) as lost_count_this_month,
    coalesce(sum(lost_count_this_quarter), 0) as lost_count_this_quarter,
    coalesce(sum(pipeline_created_amount_this_month), 0) as pipeline_created_amount_this_month,
    coalesce(sum(pipeline_created_amount_this_quarter), 0) as pipeline_created_amount_this_quarter,
    coalesce(sum(pipeline_created_forecast_amount_this_month), 0) as pipeline_created_forecast_amount_this_month,
    coalesce(sum(pipeline_created_forecast_amount_this_quarter), 0) as pipeline_created_forecast_amount_this_quarter,
    coalesce(sum(pipeline_count_created_this_month), 0) as pipeline_count_created_this_month,
    coalesce(sum(pipeline_count_created_this_quarter), 0) as pipeline_count_created_this_quarter,
    coalesce(sum(total_number_pipeline), 0) as total_number_pipeline,
    coalesce(sum(total_pipeline_amount), 0) as total_pipeline_amount,
    coalesce(sum(total_pipeline_forecast_amount), 0) as total_pipeline_forecast_amount,
    coalesce(max(largest_deal_in_pipeline), 0) as largest_deal_in_pipeline,
    round(case 
        when sum(bookings_amount_closed_this_month + lost_amount_this_month) > 0 then
        sum(bookings_amount_closed_this_month) / sum(bookings_amount_closed_this_month + lost_amount_this_month) * 100
        else 0
    end, 2) as win_percent_this_month,
    round(case
        when sum(bookings_amount_closed_this_quarter + lost_amount_this_quarter) > 0 then
        sum(bookings_amount_closed_this_quarter) / sum(bookings_amount_closed_this_quarter + lost_amount_this_quarter) * 100
        else 0
    end, 2) as win_percent_this_quarter,
    round(case
        when sum(total_bookings_amount + total_lost_amount) > 0 then
        sum(total_bookings_amount) / sum(total_bookings_amount + total_lost_amount) * 100
        else 0
    end, 2) as total_win_percent

from opportunity_aggregation_by_owner
left join salesforce_user as manager
    on manager.user_id = opportunity_aggregation_by_owner.manager_id

-- If using user_role table, the following will be included, otherwise it will not.

left join user_role
    on manager.user_role_id = user_role.user_role_id

group by 1, 2, 3, 4, 5



having count(distinct owner_id) > 0
  );
  
[0m18:51:20.973352 [debug] [Thread-21 ]: finished collecting timing info
[0m18:51:20.974371 [debug] [Thread-21 ]: Sending event: {'category': 'dbt', 'action': 'run_model', 'label': 'f584b2e7-27c2-4aed-afaa-436924ff7708', 'context': [<snowplow_tracker.self_describing_json.SelfDescribingJson object at 0x10dec1b80>]}
[0m18:51:20.975175 [info ] [Thread-21 ]: 29 of 31 OK created table model njv_dbt_transformation.salesforce__sales_snapshot  [[32mCREATE TABLE (1.0 rows, 1.3 MB processed)[0m in 3.08s]
[0m18:51:20.976286 [debug] [Thread-21 ]: Finished running node model.salesforce.salesforce__sales_snapshot
[0m18:51:21.873802 [debug] [Thread-5  ]: finished collecting timing info
[0m18:51:21.874803 [debug] [Thread-5  ]: Sending event: {'category': 'dbt', 'action': 'run_model', 'label': 'f584b2e7-27c2-4aed-afaa-436924ff7708', 'context': [<snowplow_tracker.self_describing_json.SelfDescribingJson object at 0x10deca250>]}
[0m18:51:21.875640 [info ] [Thread-5  ]: 30 of 31 OK created table model njv_dbt_transformation.salesforce__manager_performance  [[32mCREATE TABLE (78.0 rows, 1.6 MB processed)[0m in 3.96s]
[0m18:51:21.876784 [debug] [Thread-5  ]: Finished running node model.salesforce.salesforce__manager_performance
[0m18:51:21.928203 [debug] [Thread-10 ]: finished collecting timing info
[0m18:51:21.928905 [debug] [Thread-10 ]: Sending event: {'category': 'dbt', 'action': 'run_model', 'label': 'f584b2e7-27c2-4aed-afaa-436924ff7708', 'context': [<snowplow_tracker.self_describing_json.SelfDescribingJson object at 0x10dd75880>]}
[0m18:51:21.929443 [info ] [Thread-10 ]: 31 of 31 OK created table model njv_dbt_transformation.salesforce__owner_performance  [[32mCREATE TABLE (1.0k rows, 1.7 MB processed)[0m in 3.99s]
[0m18:51:21.930245 [debug] [Thread-10 ]: Finished running node model.salesforce.salesforce__owner_performance
[0m18:51:21.934218 [debug] [MainThread]: Acquiring new bigquery connection "master"
[0m18:51:21.934887 [info ] [MainThread]: 
[0m18:51:21.935235 [info ] [MainThread]: Finished running 12 view models, 19 table models in 0 hours 0 minutes and 16.61 seconds (16.61s).
[0m18:51:21.935524 [debug] [MainThread]: Connection 'master' was properly closed.
[0m18:51:21.935674 [debug] [MainThread]: Connection 'model.my_workshop.my_first_dbt_model' was properly closed.
[0m18:51:21.935815 [debug] [MainThread]: Connection 'model.salesforce_source.stg_salesforce__account' was properly closed.
[0m18:51:21.935953 [debug] [MainThread]: Connection 'model.salesforce_source.stg_salesforce__account_tmp' was properly closed.
[0m18:51:21.936093 [debug] [MainThread]: Connection 'model.salesforce_source.stg_salesforce__user_role' was properly closed.
[0m18:51:21.936231 [debug] [MainThread]: Connection 'model.salesforce.salesforce__manager_performance' was properly closed.
[0m18:51:21.936367 [debug] [MainThread]: Connection 'model.salesforce_source.stg_salesforce__lead_tmp' was properly closed.
[0m18:51:21.936502 [debug] [MainThread]: Connection 'model.salesforce_source.stg_salesforce__opportunity_line_item_tmp' was properly closed.
[0m18:51:21.936639 [debug] [MainThread]: Connection 'model.salesforce_source.stg_salesforce__opportunity_tmp' was properly closed.
[0m18:51:21.936775 [debug] [MainThread]: Connection 'model.salesforce.int_salesforce__opportunity_aggregation_by_owner' was properly closed.
[0m18:51:21.936909 [debug] [MainThread]: Connection 'model.salesforce.salesforce__owner_performance' was properly closed.
[0m18:51:21.937047 [debug] [MainThread]: Connection 'model.salesforce_source.stg_salesforce__task_tmp' was properly closed.
[0m18:51:21.937187 [debug] [MainThread]: Connection 'model.salesforce_source.stg_salesforce__user_role_tmp' was properly closed.
[0m18:51:21.937324 [debug] [MainThread]: Connection 'model.salesforce_source.stg_salesforce__user_tmp' was properly closed.
[0m18:51:21.937458 [debug] [MainThread]: Connection 'model.salesforce_source.stg_salesforce__opportunity' was properly closed.
[0m18:51:21.937594 [debug] [MainThread]: Connection 'model.salesforce_source.stg_salesforce__user' was properly closed.
[0m18:51:21.937731 [debug] [MainThread]: Connection 'model.my_workshop.my_second_dbt_model' was properly closed.
[0m18:51:21.937866 [debug] [MainThread]: Connection 'model.salesforce.salesforce__opportunity_enhanced' was properly closed.
[0m18:51:21.938003 [debug] [MainThread]: Connection 'model.salesforce.salesforce__sales_snapshot' was properly closed.
[0m18:51:22.029124 [info ] [MainThread]: 
[0m18:51:22.029404 [info ] [MainThread]: [31mCompleted with 7 errors and 0 warnings:[0m
[0m18:51:22.029682 [info ] [MainThread]: 
[0m18:51:22.029969 [error] [MainThread]: [33mRuntime Error in model stg_salesforce__contact_tmp (models/tmp/stg_salesforce__contact_tmp.sql)[0m
[0m18:51:22.030168 [error] [MainThread]:   404 Not found: Table dbt-technical-training:njv_salesforce_sandbox.contact was not found in location US
[0m18:51:22.031384 [error] [MainThread]:   
[0m18:51:22.031812 [error] [MainThread]:   Location: US
[0m18:51:22.032233 [error] [MainThread]:   Job ID: 96b28362-1f28-4069-b09a-d1572e8e24b0
[0m18:51:22.032521 [error] [MainThread]:   
[0m18:51:22.032714 [info ] [MainThread]: 
[0m18:51:22.032925 [error] [MainThread]: [33mRuntime Error in model stg_salesforce__task_tmp (models/tmp/stg_salesforce__task_tmp.sql)[0m
[0m18:51:22.033148 [error] [MainThread]:   404 Not found: Table dbt-technical-training:njv_salesforce_sandbox.task was not found in location US
[0m18:51:22.033346 [error] [MainThread]:   
[0m18:51:22.033551 [error] [MainThread]:   Location: US
[0m18:51:22.033808 [error] [MainThread]:   Job ID: 1fcae1c3-f7d6-420f-a59f-bb8b0b296e36
[0m18:51:22.033992 [error] [MainThread]:   
[0m18:51:22.034185 [info ] [MainThread]: 
[0m18:51:22.034403 [error] [MainThread]: [33mRuntime Error in model stg_salesforce__opportunity_line_item_tmp (models/tmp/stg_salesforce__opportunity_line_item_tmp.sql)[0m
[0m18:51:22.034592 [error] [MainThread]:   404 Not found: Table dbt-technical-training:njv_salesforce_sandbox.opportunity_line_item was not found in location US
[0m18:51:22.034800 [error] [MainThread]:   
[0m18:51:22.034960 [error] [MainThread]:   Location: US
[0m18:51:22.035202 [error] [MainThread]:   Job ID: 280ae2b9-edd8-47cc-a6c0-3105e710c1bf
[0m18:51:22.035359 [error] [MainThread]:   
[0m18:51:22.035543 [info ] [MainThread]: 
[0m18:51:22.035753 [error] [MainThread]: [33mRuntime Error in model stg_salesforce__order_tmp (models/tmp/stg_salesforce__order_tmp.sql)[0m
[0m18:51:22.035964 [error] [MainThread]:   404 Not found: Table dbt-technical-training:njv_salesforce_sandbox.order was not found in location US
[0m18:51:22.036137 [error] [MainThread]:   
[0m18:51:22.036290 [error] [MainThread]:   Location: US
[0m18:51:22.036677 [error] [MainThread]:   Job ID: 830826f1-3784-45df-85b1-022e0454a6d8
[0m18:51:22.037210 [error] [MainThread]:   
[0m18:51:22.037411 [info ] [MainThread]: 
[0m18:51:22.037604 [error] [MainThread]: [33mRuntime Error in model stg_salesforce__event_tmp (models/tmp/stg_salesforce__event_tmp.sql)[0m
[0m18:51:22.037803 [error] [MainThread]:   404 Not found: Table dbt-technical-training:njv_salesforce_sandbox.event was not found in location US
[0m18:51:22.038031 [error] [MainThread]:   
[0m18:51:22.038219 [error] [MainThread]:   Location: US
[0m18:51:22.038422 [error] [MainThread]:   Job ID: 49863da6-2998-4acf-aa36-29a817f1a7e4
[0m18:51:22.038620 [error] [MainThread]:   
[0m18:51:22.038829 [info ] [MainThread]: 
[0m18:51:22.039047 [error] [MainThread]: [33mRuntime Error in model stg_salesforce__product_2_tmp (models/tmp/stg_salesforce__product_2_tmp.sql)[0m
[0m18:51:22.039252 [error] [MainThread]:   404 Not found: Table dbt-technical-training:njv_salesforce_sandbox.product_2 was not found in location US
[0m18:51:22.039411 [error] [MainThread]:   
[0m18:51:22.039632 [error] [MainThread]:   Location: US
[0m18:51:22.039791 [error] [MainThread]:   Job ID: 3e502938-9401-474d-8e86-52e71a61f10b
[0m18:51:22.039956 [error] [MainThread]:   
[0m18:51:22.040200 [info ] [MainThread]: 
[0m18:51:22.040400 [error] [MainThread]: [33mRuntime Error in model stg_salesforce__lead_tmp (models/tmp/stg_salesforce__lead_tmp.sql)[0m
[0m18:51:22.040615 [error] [MainThread]:   404 Not found: Table dbt-technical-training:njv_salesforce_sandbox.lead was not found in location US
[0m18:51:22.040772 [error] [MainThread]:   
[0m18:51:22.040925 [error] [MainThread]:   Location: US
[0m18:51:22.041078 [error] [MainThread]:   Job ID: e53452a2-7445-4398-94b3-0272fbf8a2e6
[0m18:51:22.041230 [error] [MainThread]:   
[0m18:51:22.041432 [info ] [MainThread]: 
[0m18:51:22.041604 [info ] [MainThread]: Done. PASS=14 WARN=0 ERROR=7 SKIP=10 TOTAL=31
[0m18:51:22.041862 [debug] [MainThread]: Sending event: {'category': 'dbt', 'action': 'invocation', 'label': 'end', 'context': [<snowplow_tracker.self_describing_json.SelfDescribingJson object at 0x10d994910>, <snowplow_tracker.self_describing_json.SelfDescribingJson object at 0x10d5d6fa0>, <snowplow_tracker.self_describing_json.SelfDescribingJson object at 0x10d7126a0>]}


============================== 2022-08-17 19:46:41.483694 | 3f535ada-b930-4b6d-a9de-2f59414cc547 ==============================
[0m19:46:41.483708 [info ] [MainThread]: Running with dbt=1.2.0
[0m19:46:41.484069 [debug] [MainThread]: running dbt with arguments {'write_json': True, 'use_colors': True, 'printer_width': 80, 'version_check': True, 'partial_parse': True, 'static_parser': True, 'profiles_dir': '/Users/nvora/.dbt', 'send_anonymous_usage_stats': True, 'event_buffer_size': 100000, 'quiet': False, 'no_print': False, 'skip_profile_setup': False, 'which': 'init', 'indirect_selection': 'eager'}
[0m19:46:41.484188 [debug] [MainThread]: Tracking: tracking
[0m19:46:41.496103 [debug] [MainThread]: Sending event: {'category': 'dbt', 'action': 'invocation', 'label': 'start', 'context': [<snowplow_tracker.self_describing_json.SelfDescribingJson object at 0x10c02c070>, <snowplow_tracker.self_describing_json.SelfDescribingJson object at 0x10c022d30>, <snowplow_tracker.self_describing_json.SelfDescribingJson object at 0x10c022e20>]}
[0m19:46:53.551049 [debug] [MainThread]: Sending event: {'category': 'dbt', 'action': 'invocation', 'label': 'end', 'context': [<snowplow_tracker.self_describing_json.SelfDescribingJson object at 0x10c022e20>, <snowplow_tracker.self_describing_json.SelfDescribingJson object at 0x10c0229d0>, <snowplow_tracker.self_describing_json.SelfDescribingJson object at 0x10c022d60>]}
